ID,f1,f2,f3,f4,f5,f6,f7,f8,f9,f10,f11,f12,f13,f14,f15,dd2,dd4,dd5,dd6,dd7,dd9,dd10,dd11,dd12,dd13,dd15,duLN1,du.2,duLN3,dut4,dui5,due6,duLN7,du58,duLN9,duSH10,dur11,duo12,dua13,dun14,dul15,duDO16,UUID
0,245.0,165.0,490.0,373.0,127.0,7279.0,606.0,1192.0,1367.0,1056.0,474.0,785.0,351.0,415.0,290.0,579.0,424.0,184.0,7370.0,686.0,1452.0,1151.0,523.0,887.0,469.0,372.0,109.0,69.0,89.0,51.0,56.0,91.0,79.0,68.0,84.0,94.0,49.0,101.0,118.0,88.0,81.0,59.0,test5
1,489.0,405.0,129.0,7252.0,581.0,454.0,1385.0,1074.0,523.0,1491.0,311.0,333.0,270.0,530.0,300.0,184.0,7341.0,657.0,523.0,1471.0,572.0,1592.0,429.0,424.0,355.0,402.0,91.0,50.0,55.0,89.0,75.0,69.0,85.0,95.0,48.0,100.0,118.0,90.0,85.0,60.0,101.0,35.0,test5
2,582.0,459.0,1362.0,309.0,516.0,771.0,378.0,1057.0,279.0,1154.0,240.0,325.0,295.0,624.0,709.0,1442.0,403.0,562.0,873.0,497.0,364.0,1216.0,345.0,364.0,361.0,751.0,76.0,66.0,80.0,94.0,45.0,102.0,118.0,90.0,84.0,61.0,105.0,38.0,66.0,78.0,41.0,92.0,test5
3,1361.0,341.0,518.0,744.0,353.0,319.0,297.0,1172.0,289.0,1031.0,255.0,542.0,689.0,272.0,549.0,562.0,844.0,468.0,410.0,383.0,394.0,1069.0,321.0,623.0,734.0,636.0,82.0,93.0,44.0,100.0,114.0,91.0,85.0,62.0,104.0,37.0,66.0,80.0,45.0,93.0,86.0,70.0,test5
4,352.0,506.0,788.0,311.0,334.0,257.0,474.0,1005.0,333.0,1002.0,501.0,690.0,189.0,612.0,470.0,888.0,424.0,425.0,339.0,541.0,375.0,1064.0,585.0,732.0,288.0,544.0,96.0,43.0,100.0,113.0,90.0,82.0,66.0,101.0,41.0,61.0,84.0,41.0,99.0,84.0,73.0,35.0,test5
5,354.0,324.0,274.0,407.0,282.0,311.0,322.0,1266.0,698.0,896.0,489.0,451.0,171.0,368.0,482.0,354.0,468.0,384.0,350.0,389.0,743.0,991.0,579.0,525.0,213.0,589.0,115.0,88.0,80.0,61.0,101.0,39.0,66.0,80.0,44.0,94.0,90.0,73.0,42.0,75.0,106.0,49.0,test5
6,692.0,181.0,533.0,410.0,173.0,272.0,489.0,1874.0,338.0,1135.0,240.0,565.0,300.0,354.0,318.0,618.0,482.0,212.0,350.0,600.0,426.0,1211.0,344.0,643.0,393.0,395.0,42.0,93.0,85.0,72.0,38.0,78.0,110.0,52.0,87.0,75.0,104.0,77.0,93.0,37.0,76.0,94.0,test5
7,532.0,442.0,175.0,245.0,464.0,1136.0,356.0,1153.0,289.0,1271.0,260.0,272.0,298.0,525.0,477.0,212.0,321.0,571.0,1189.0,445.0,393.0,1348.0,353.0,312.0,378.0,585.0,87.0,71.0,37.0,76.0,106.0,53.0,88.0,76.0,103.0,76.0,93.0,39.0,80.0,95.0,107.0,94.0,test5
8,465.0,1141.0,333.0,388.0,282.0,551.0,327.0,996.0,307.0,1149.0,417.0,193.0,406.0,363.0,189.0,416.0,463.0,383.0,629.0,421.0,387.0,1246.0,528.0,291.0,495.0,275.0,107.0,50.0,83.0,75.0,100.0,78.0,93.0,39.0,79.0,96.0,111.0,97.0,89.0,77.0,85.0,86.0,test5
9,332.0,420.0,284.0,524.0,302.0,258.0,325.0,1167.0,466.0,899.0,366.0,281.0,169.0,746.0,275.0,383.0,600.0,392.0,298.0,406.0,577.0,996.0,455.0,361.0,258.0,371.0,85.0,74.0,99.0,76.0,89.0,40.0,80.0,97.0,110.0,96.0,89.0,79.0,89.0,87.0,95.0,99.0,test5
10,460.0,184.0,410.0,240.0,171.0,650.0,282.0,1004.0,489.0,991.0,265.0,363.0,261.0,346.0,572.0,494.0,318.0,257.0,740.0,382.0,588.0,1063.0,358.0,430.0,338.0,675.0,108.0,95.0,84.0,78.0,85.0,90.0,99.0,102.0,98.0,71.0,93.0,66.0,77.0,65.0,102.0,35.0,test5
11,409.0,272.0,173.0,623.0,257.0,266.0,507.0,1009.0,314.0,1069.0,221.0,264.0,552.0,371.0,300.0,257.0,711.0,353.0,369.0,607.0,407.0,1135.0,298.0,332.0,658.0,357.0,86.0,77.0,84.0,88.0,95.0,103.0,99.0,72.0,92.0,65.0,77.0,67.0,106.0,36.0,56.0,79.0,test5
12,483.0,276.0,309.0,322.0,263.0,250.0,579.0,1013.0,289.0,1253.0,314.0,224.0,433.0,366.0,162.0,397.0,387.0,337.0,318.0,686.0,349.0,1335.0,425.0,309.0,499.0,236.0,96.0,70.0,88.0,65.0,73.0,68.0,106.0,38.0,59.0,81.0,111.0,84.0,66.0,84.0,73.0,76.0,test5
13,308.0,354.0,265.0,223.0,554.0,275.0,307.0,1271.0,363.0,930.0,393.0,284.0,142.0,358.0,523.0,337.0,289.0,657.0,314.0,368.0,474.0,1014.0,459.0,371.0,219.0,585.0,90.0,64.0,72.0,66.0,102.0,39.0,60.0,82.0,110.0,83.0,66.0,86.0,77.0,77.0,61.0,54.0,test5
14,357.0,215.0,437.0,243.0,144.0,262.0,530.0,1019.0,351.0,1213.0,125.0,359.0,326.0,358.0,307.0,498.0,328.0,218.0,342.0,596.0,457.0,1298.0,222.0,417.0,401.0,375.0,108.0,82.0,61.0,85.0,73.0,80.0,65.0,57.0,105.0,84.0,97.0,57.0,75.0,82.0,67.0,86.0,test5
15,436.0,275.0,146.0,235.0,505.0,281.0,369.0,1231.0,174.0,1065.0,286.0,276.0,287.0,648.0,342.0,218.0,313.0,567.0,339.0,476.0,271.0,1122.0,361.0,361.0,358.0,476.0,63.0,84.0,72.0,78.0,61.0,58.0,106.0,85.0,96.0,56.0,75.0,84.0,71.0,87.0,133.0,92.0,test5
16,506.0,286.0,346.0,466.0,167.0,345.0,353.0,1000.0,296.0,1272.0,282.0,197.0,356.0,293.0,158.0,447.0,550.0,261.0,403.0,429.0,367.0,1361.0,419.0,293.0,431.0,239.0,62.0,55.0,101.0,84.0,93.0,58.0,75.0,84.0,70.0,88.0,137.0,95.0,75.0,98.0,80.0,71.0,test5
17,345.0,498.0,169.0,318.0,328.0,262.0,314.0,1290.0,331.0,903.0,316.0,211.0,138.0,334.0,435.0,261.0,374.0,400.0,347.0,386.0,468.0,998.0,391.0,312.0,222.0,523.0,103.0,83.0,92.0,56.0,71.0,85.0,71.0,89.0,136.0,94.0,75.0,100.0,84.0,72.0,87.0,61.0,test5
18,325.0,188.0,360.0,170.0,140.0,238.0,442.0,1023.0,262.0,1070.0,124.0,412.0,309.0,332.0,311.0,430.0,269.0,221.0,313.0,534.0,355.0,1132.0,238.0,485.0,408.0,380.0,134.0,93.0,70.0,99.0,80.0,75.0,91.0,64.0,92.0,61.0,114.0,72.0,99.0,63.0,68.0,87.0,test5
19,359.0,202.0,142.0,211.0,417.0,285.0,280.0,1088.0,173.0,1118.0,269.0,250.0,291.0,685.0,358.0,221.0,284.0,505.0,350.0,374.0,287.0,1190.0,368.0,316.0,363.0,448.0,72.0,98.0,79.0,73.0,87.0,65.0,93.0,62.0,113.0,71.0,99.0,65.0,72.0,88.0,89.0,80.0,test5
20,418.0,290.0,257.0,323.0,166.0,398.0,336.0,974.0,300.0,1309.0,298.0,195.0,339.0,310.0,167.0,345.0,384.0,277.0,471.0,436.0,372.0,1399.0,391.0,279.0,431.0,241.0,88.0,62.0,88.0,61.0,110.0,73.0,99.0,65.0,71.0,89.0,93.0,83.0,92.0,75.0,73.0,71.0,test5
21,256.0,355.0,168.0,371.0,311.0,236.0,318.0,1327.0,347.0,901.0,299.0,228.0,147.0,357.0,983.0,277.0,442.0,407.0,302.0,391.0,440.0,984.0,391.0,306.0,224.0,1062.0,90.0,60.0,109.0,71.0,95.0,66.0,72.0,90.0,92.0,82.0,92.0,77.0,77.0,72.0,78.0,61.0,test5
22,341.0,186.0,343.0,187.0,149.0,261.0,990.0,1504.0,391.0,1037.0,144.0,298.0,269.0,453.0,312.0,430.0,263.0,223.0,336.0,1073.0,487.0,1126.0,261.0,373.0,362.0,392.0,90.0,81.0,87.0,76.0,73.0,75.0,82.0,64.0,95.0,88.0,117.0,74.0,93.0,65.0,79.0,103.0,test5
23,342.0,219.0,151.0,234.0,965.0,766.0,409.0,1055.0,193.0,1004.0,229.0,371.0,292.0,642.0,378.0,223.0,307.0,1044.0,831.0,506.0,310.0,1078.0,322.0,439.0,375.0,468.0,89.0,75.0,72.0,73.0,78.0,65.0,96.0,89.0,116.0,73.0,93.0,67.0,83.0,104.0,89.0,71.0,test5
24,966.0,771.0,386.0,290.0,186.0,284.0,296.0,1095.0,301.0,1266.0,318.0,199.0,368.0,302.0,149.0,477.0,378.0,300.0,359.0,390.0,384.0,1372.0,411.0,274.0,466.0,229.0,79.0,62.0,91.0,88.0,113.0,75.0,93.0,67.0,82.0,105.0,93.0,74.0,98.0,89.0,79.0,94.0,test5
25,385.0,322.0,188.0,257.0,271.0,357.0,319.0,1284.0,367.0,905.0,328.0,220.0,129.0,333.0,894.0,300.0,330.0,361.0,425.0,403.0,460.0,979.0,426.0,312.0,212.0,981.0,93.0,87.0,112.0,73.0,89.0,68.0,83.0,106.0,92.0,73.0,98.0,91.0,83.0,95.0,86.0,89.0,test5
26,361.0,190.0,372.0,179.0,131.0,237.0,901.0,995.0,270.0,1394.0,829.0,397.0,435.0,304.0,235.0,465.0,269.0,211.0,335.0,992.0,368.0,1488.0,910.0,493.0,518.0,280.0,90.0,72.0,93.0,90.0,79.0,98.0,90.0,92.0,97.0,93.0,81.0,95.0,83.0,103.0,44.0,98.0,test5
27,371.0,211.0,133.0,210.0,876.0,257.0,288.0,1412.0,878.0,1103.0,395.0,222.0,215.0,354.0,414.0,211.0,306.0,963.0,350.0,387.0,959.0,1198.0,478.0,328.0,263.0,446.0,95.0,89.0,78.0,96.0,86.0,93.0,98.0,94.0,80.0,94.0,83.0,105.0,48.0,99.0,31.0,77.0,test5
28,877.0,262.0,265.0,647.0,871.0,383.0,462.0,946.0,224.0,978.0,354.0,309.0,3347.0,399.0,211.0,358.0,740.0,949.0,479.0,546.0,272.0,1079.0,389.0,390.0,3456.0,294.0,87.0,90.0,93.0,93.0,77.0,96.0,83.0,105.0,47.0,100.0,35.0,80.0,109.0,105.0,82.0,101.0,test5
29,264.0,679.0,873.0,356.0,437.0,208.0,242.0,996.0,403.0,1015.0,3307.0,317.0,191.0,498.0,252.0,949.0,450.0,517.0,314.0,291.0,438.0,1095.0,3416.0,425.0,277.0,327.0,95.0,92.0,76.0,94.0,79.0,106.0,48.0,101.0,34.0,79.0,109.0,107.0,86.0,102.0,74.0,93.0,test5
30,319.0,183.0,419.0,192.0,121.0,233.0,438.0,1016.0,268.0,1041.0,182.0,587.0,332.0,371.0,358.0,522.0,265.0,218.0,312.0,564.0,379.0,1155.0,265.0,673.0,425.0,402.0,108.0,80.0,103.0,73.0,96.0,79.0,125.0,95.0,110.0,113.0,83.0,85.0,93.0,83.0,43.0,104.0,test5
31,418.0,224.0,123.0,206.0,413.0,278.0,286.0,1059.0,231.0,1293.0,292.0,289.0,338.0,756.0,429.0,218.0,283.0,535.0,374.0,398.0,314.0,1378.0,385.0,375.0,385.0,509.0,105.0,72.0,95.0,77.0,121.0,96.0,111.0,114.0,82.0,84.0,93.0,85.0,47.0,105.0,79.0,86.0,test5
32,414.0,283.0,263.0,294.0,224.0,573.0,359.0,1013.0,347.0,1380.0,369.0,205.0,402.0,325.0,180.0,369.0,407.0,304.0,659.0,453.0,394.0,1487.0,452.0,295.0,501.0,258.0,122.0,93.0,106.0,113.0,79.0,86.0,93.0,85.0,46.0,106.0,83.0,89.0,99.0,63.0,77.0,75.0,test5
33,262.0,326.0,226.0,546.0,334.0,275.0,365.0,1398.0,418.0,911.0,362.0,243.0,160.0,354.0,475.0,304.0,630.0,424.0,361.0,413.0,501.0,1000.0,461.0,309.0,241.0,534.0,108.0,112.0,78.0,84.0,89.0,86.0,47.0,107.0,82.0,88.0,99.0,65.0,81.0,76.0,58.0,46.0,test5
34,412.0,196.0,406.0,202.0,162.0,258.0,482.0,1073.0,369.0,1063.0,163.0,224.0,159.0,602.0,314.0,500.0,266.0,240.0,337.0,545.0,463.0,1158.0,218.0,299.0,246.0,398.0,80.0,87.0,94.0,64.0,77.0,79.0,62.0,49.0,93.0,94.0,55.0,74.0,87.0,71.0,83.0,97.0,test5
35,405.0,234.0,164.0,231.0,457.0,335.0,387.0,1081.0,212.0,930.0,119.0,520.0,294.0,560.0,375.0,240.0,308.0,516.0,385.0,482.0,267.0,1004.0,206.0,594.0,381.0,489.0,96.0,63.0,76.0,77.0,58.0,50.0,94.0,95.0,54.0,73.0,87.0,73.0,87.0,98.0,113.0,72.0,test5
36,458.0,340.0,364.0,316.0,205.0,210.0,186.0,1244.0,303.0,1184.0,315.0,192.0,363.0,282.0,136.0,453.0,410.0,257.0,285.0,274.0,390.0,1284.0,432.0,268.0,461.0,223.0,59.0,47.0,89.0,94.0,51.0,75.0,87.0,73.0,86.0,99.0,117.0,75.0,98.0,77.0,86.0,92.0,test5
37,363.0,348.0,207.0,183.0,161.0,506.0,321.0,1202.0,364.0,898.0,323.0,200.0,116.0,776.0,195.0,257.0,256.0,245.0,580.0,409.0,481.0,973.0,421.0,280.0,206.0,304.0,91.0,93.0,50.0,73.0,83.0,74.0,87.0,100.0,116.0,74.0,98.0,79.0,90.0,93.0,108.0,90.0,test5
38,358.0,183.0,367.0,159.0,118.0,680.0,202.0,949.0,457.0,982.0,265.0,352.0,194.0,280.0,212.0,460.0,237.0,205.0,776.0,315.0,548.0,1068.0,370.0,421.0,298.0,287.0,114.0,73.0,93.0,78.0,86.0,96.0,112.0,93.0,90.0,85.0,105.0,68.0,104.0,84.0,74.0,86.0,test5
39,366.0,191.0,120.0,653.0,177.0,211.0,475.0,1000.0,314.0,1058.0,154.0,198.0,192.0,315.0,319.0,205.0,747.0,286.0,305.0,567.0,419.0,1126.0,258.0,285.0,270.0,390.0,95.0,77.0,85.0,94.0,108.0,94.0,91.0,86.0,104.0,67.0,104.0,86.0,78.0,87.0,70.0,72.0,test5
40,451.0,267.0,309.0,311.0,196.0,184.0,219.0,957.0,308.0,1207.0,272.0,208.0,333.0,271.0,110.0,409.0,378.0,297.0,271.0,298.0,382.0,1282.0,383.0,303.0,416.0,190.0,88.0,84.0,100.0,67.0,100.0,87.0,78.0,89.0,73.0,74.0,111.0,94.0,83.0,86.0,79.0,87.0,test5
41,308.0,343.0,198.0,157.0,194.0,219.0,326.0,1225.0,321.0,914.0,293.0,189.0,90.0,358.0,482.0,297.0,242.0,269.0,309.0,401.0,432.0,1008.0,376.0,278.0,173.0,564.0,102.0,66.0,99.0,85.0,74.0,90.0,74.0,75.0,110.0,93.0,83.0,88.0,83.0,88.0,81.0,58.0,test5
42,315.0,199.0,337.0,148.0,92.0,262.0,489.0,990.0,218.0,1713.0,116.0,168.0,122.0,329.0,307.0,415.0,235.0,172.0,353.0,575.0,324.0,1807.0,226.0,248.0,222.0,369.0,108.0,92.0,78.0,87.0,79.0,91.0,85.0,61.0,105.0,93.0,110.0,79.0,100.0,64.0,61.0,103.0,test5
43,336.0,180.0,94.0,235.0,464.0,252.0,236.0,1731.0,165.0,874.0,82.0,247.0,287.0,658.0,306.0,172.0,324.0,546.0,314.0,343.0,275.0,953.0,182.0,314.0,352.0,420.0,80.0,86.0,78.0,89.0,81.0,62.0,106.0,94.0,109.0,78.0,100.0,66.0,65.0,104.0,113.0,80.0,test5
44,465.0,257.0,213.0,966.0,158.0,154.0,149.0,971.0,296.0,1282.0,246.0,171.0,314.0,259.0,124.0,314.0,1059.0,265.0,234.0,250.0,361.0,1388.0,363.0,255.0,425.0,210.0,82.0,59.0,101.0,93.0,106.0,80.0,100.0,66.0,64.0,105.0,117.0,83.0,111.0,100.0,85.0,86.0,test5
45,212.0,998.0,160.0,127.0,124.0,233.0,314.0,1300.0,295.0,877.0,274.0,177.0,104.0,363.0,439.0,265.0,205.0,221.0,300.0,380.0,412.0,960.0,385.0,280.0,193.0,533.0,103.0,92.0,105.0,78.0,96.0,67.0,65.0,106.0,116.0,82.0,111.0,102.0,89.0,87.0,93.0,61.0,test5
46,289.0,162.0,318.0,136.0,106.0,267.0,446.0,1008.0,220.0,1059.0,155.0,177.0,276.0,218.0,117.0,424.0,237.0,192.0,357.0,544.0,315.0,1149.0,262.0,284.0,351.0,213.0,114.0,81.0,106.0,101.0,85.0,90.0,97.0,64.0,94.0,89.0,107.0,106.0,75.0,86.0,95.0,79.0,test5
47,317.0,168.0,108.0,240.0,421.0,270.0,238.0,1077.0,204.0,883.0,236.0,136.0,97.0,605.0,424.0,192.0,328.0,515.0,335.0,334.0,311.0,989.0,311.0,225.0,196.0,494.0,108.0,100.0,84.0,88.0,93.0,65.0,95.0,90.0,106.0,105.0,75.0,88.0,99.0,80.0,69.0,101.0,test5
48,422.0,275.0,215.0,312.0,197.0,163.0,303.0,860.0,106.0,1229.0,364.0,160.0,232.0,228.0,289.0,305.0,401.0,301.0,270.0,379.0,205.0,1311.0,437.0,265.0,304.0,373.0,94.0,62.0,90.0,89.0,103.0,107.0,75.0,88.0,98.0,81.0,73.0,104.0,72.0,93.0,83.0,45.0,test5
49,214.0,344.0,199.0,136.0,278.0,122.0,124.0,1247.0,413.0,866.0,192.0,146.0,269.0,532.0,762.0,301.0,241.0,350.0,211.0,224.0,486.0,970.0,264.0,242.0,356.0,875.0,92.0,88.0,102.0,105.0,71.0,89.0,99.0,82.0,72.0,103.0,72.0,95.0,87.0,46.0,112.0,91.0,test5
50,486.0,859.0,651.0,716.0,201.0,394.0,512.0,1311.0,375.0,1184.0,509.0,406.0,322.0,497.0,1273.0,699.0,810.0,281.0,481.0,585.0,446.0,1240.0,585.0,497.0,382.0,1312.0,84.0,88.0,48.0,94.0,79.0,87.0,72.0,62.0,70.0,55.0,76.0,90.0,60.0,73.0,38.0,116.0,test4
51,650.0,748.0,203.0,367.0,487.0,573.0,393.0,1202.0,558.0,1112.0,282.0,415.0,1253.0,1174.0,425.0,281.0,452.0,556.0,636.0,465.0,634.0,1202.0,342.0,491.0,1295.0,493.0,50.0,93.0,78.0,85.0,68.0,63.0,71.0,56.0,75.0,89.0,60.0,75.0,42.0,117.0,67.0,87.0,test4
52,488.0,578.0,370.0,437.0,551.0,392.0,349.0,1139.0,1262.0,1798.0,365.0,204.0,474.0,655.0,195.0,436.0,492.0,624.0,483.0,410.0,1304.0,1917.0,436.0,295.0,561.0,287.0,69.0,60.0,66.0,55.0,72.0,91.0,60.0,75.0,41.0,118.0,71.0,90.0,87.0,70.0,91.0,81.0,test4
53,369.0,469.0,553.0,365.0,324.0,401.0,1280.0,1816.0,414.0,910.0,434.0,573.0,175.0,506.0,522.0,624.0,454.0,381.0,477.0,1323.0,485.0,1000.0,521.0,646.0,270.0,596.0,68.0,54.0,71.0,89.0,56.0,76.0,42.0,119.0,70.0,89.0,87.0,72.0,95.0,82.0,73.0,71.0,test4
54,408.0,195.0,478.0,532.0,177.0,410.0,529.0,2011.0,570.0,1170.0,872.0,215.0,398.0,474.0,274.0,560.0,603.0,269.0,495.0,607.0,651.0,1235.0,941.0,299.0,481.0,344.0,68.0,88.0,82.0,71.0,91.0,85.0,77.0,74.0,80.0,64.0,69.0,83.0,83.0,89.0,69.0,87.0,test4
55,477.0,564.0,179.0,383.0,504.0,1273.0,588.0,1188.0,921.0,921.0,358.0,392.0,254.0,859.0,407.0,269.0,466.0,578.0,1348.0,670.0,990.0,1004.0,441.0,484.0,327.0,435.0,84.0,70.0,90.0,83.0,73.0,75.0,81.0,65.0,68.0,82.0,83.0,91.0,73.0,88.0,27.0,59.0,test4
56,505.0,1278.0,565.0,423.0,914.0,201.0,425.0,1116.0,263.0,1483.0,347.0,221.0,461.0,394.0,254.0,641.0,487.0,980.0,285.0,509.0,336.0,1573.0,378.0,284.0,552.0,318.0,74.0,72.0,76.0,64.0,65.0,84.0,83.0,91.0,72.0,89.0,31.0,62.0,91.0,50.0,63.0,79.0,test4
57,564.0,455.0,916.0,174.0,400.0,378.0,281.0,1501.0,396.0,927.0,421.0,312.0,234.0,505.0,447.0,980.0,256.0,480.0,470.0,355.0,427.0,989.0,512.0,365.0,301.0,503.0,78.0,63.0,64.0,82.0,79.0,92.0,73.0,90.0,30.0,61.0,91.0,52.0,67.0,80.0,55.0,73.0,test4
58,390.0,212.0,465.0,271.0,236.0,409.0,454.0,1081.0,259.0,1102.0,503.0,225.0,328.0,414.0,368.0,551.0,322.0,300.0,492.0,514.0,331.0,1179.0,566.0,323.0,420.0,425.0,28.0,60.0,86.0,51.0,63.0,83.0,59.0,76.0,71.0,76.0,63.0,97.0,92.0,90.0,56.0,57.0,test4
59,464.0,303.0,238.0,382.0,429.0,343.0,277.0,1120.0,552.0,931.0,288.0,332.0,348.0,524.0,555.0,300.0,463.0,485.0,420.0,350.0,615.0,1028.0,380.0,425.0,408.0,595.0,88.0,50.0,62.0,81.0,55.0,77.0,72.0,77.0,62.0,96.0,92.0,92.0,60.0,58.0,39.0,81.0,test4
60,430.0,348.0,254.0,355.0,545.0,211.0,355.0,1056.0,357.0,1148.0,495.0,181.0,478.0,301.0,241.0,321.0,431.0,605.0,309.0,448.0,417.0,1208.0,538.0,266.0,565.0,321.0,56.0,74.0,67.0,76.0,59.0,98.0,92.0,92.0,59.0,59.0,43.0,84.0,87.0,80.0,79.0,56.0,test4
61,253.0,387.0,547.0,184.0,330.0,318.0,375.0,1166.0,544.0,887.0,438.0,219.0,221.0,551.0,474.0,605.0,280.0,419.0,411.0,436.0,587.0,971.0,525.0,302.0,304.0,545.0,69.0,75.0,58.0,96.0,88.0,93.0,60.0,60.0,42.0,83.0,87.0,82.0,83.0,57.0,70.0,61.0,test4
62,538.0,172.0,482.0,178.0,223.0,455.0,481.0,1192.0,265.0,1050.0,344.0,237.0,342.0,325.0,255.0,564.0,259.0,303.0,515.0,556.0,326.0,1145.0,424.0,295.0,428.0,332.0,40.0,82.0,82.0,81.0,79.0,60.0,74.0,64.0,60.0,94.0,80.0,57.0,86.0,61.0,76.0,76.0,test4
63,481.0,210.0,225.0,428.0,456.0,454.0,283.0,1068.0,393.0,943.0,302.0,243.0,235.0,1230.0,427.0,303.0,486.0,527.0,519.0,345.0,473.0,1000.0,388.0,307.0,315.0,490.0,84.0,80.0,78.0,58.0,70.0,65.0,61.0,95.0,79.0,56.0,86.0,63.0,80.0,77.0,62.0,60.0,test4
64,457.0,459.0,260.0,303.0,386.0,223.0,369.0,967.0,244.0,1854.0,367.0,201.0,381.0,339.0,193.0,316.0,397.0,463.0,281.0,456.0,324.0,1933.0,433.0,265.0,486.0,286.0,71.0,62.0,56.0,94.0,76.0,58.0,86.0,63.0,79.0,78.0,66.0,63.0,105.0,96.0,92.0,93.0,test4
65,259.0,335.0,388.0,196.0,344.0,229.0,262.0,1872.0,416.0,907.0,341.0,257.0,173.0,455.0,422.0,463.0,252.0,427.0,293.0,343.0,482.0,970.0,446.0,356.0,269.0,512.0,58.0,93.0,75.0,56.0,82.0,64.0,80.0,79.0,65.0,62.0,105.0,98.0,96.0,94.0,89.0,63.0,test4
66,410.0,192.0,385.0,216.0,175.0,359.0,429.0,1226.0,300.0,1093.0,365.0,206.0,286.0,396.0,292.0,485.0,313.0,268.0,456.0,523.0,356.0,1162.0,423.0,297.0,386.0,376.0,63.0,61.0,100.0,97.0,92.0,97.0,93.0,66.0,55.0,68.0,58.0,90.0,100.0,71.0,83.0,74.0,test4
67,384.0,248.0,177.0,332.0,404.0,488.0,318.0,1111.0,414.0,912.0,246.0,314.0,272.0,1328.0,1416.0,268.0,427.0,494.0,555.0,375.0,472.0,1002.0,346.0,388.0,359.0,1476.0,102.0,96.0,91.0,95.0,89.0,67.0,56.0,69.0,57.0,89.0,100.0,73.0,87.0,75.0,59.0,47.0,test4
68,405.0,493.0,295.0,346.0,407.0,192.0,313.0,1038.0,281.0,1952.0,1356.0,363.0,524.0,342.0,189.0,346.0,414.0,462.0,283.0,414.0,368.0,2029.0,1419.0,414.0,618.0,289.0,90.0,64.0,51.0,68.0,54.0,91.0,100.0,73.0,86.0,76.0,63.0,50.0,94.0,77.0,99.0,66.0,test4
69,294.0,378.0,409.0,165.0,288.0,300.0,299.0,1970.0,1405.0,1069.0,484.0,260.0,169.0,482.0,397.0,462.0,254.0,385.0,374.0,387.0,1468.0,1119.0,578.0,340.0,272.0,499.0,53.0,67.0,53.0,89.0,96.0,74.0,87.0,77.0,62.0,49.0,94.0,79.0,103.0,67.0,101.0,96.0,test4
70,1399.0,354.0,528.0,219.0,171.0,386.0,404.0,1162.0,269.0,1112.0,345.0,301.0,223.0,356.0,275.0,617.0,297.0,271.0,456.0,510.0,367.0,1186.0,428.0,410.0,295.0,362.0,60.0,48.0,89.0,78.0,99.0,70.0,105.0,99.0,97.0,73.0,83.0,108.0,72.0,94.0,86.0,65.0,test4
71,527.0,251.0,173.0,359.0,379.0,424.0,287.0,1130.0,394.0,1007.0,183.0,274.0,255.0,782.0,435.0,271.0,427.0,481.0,524.0,386.0,477.0,1115.0,255.0,371.0,345.0,518.0,91.0,77.0,98.0,68.0,101.0,100.0,98.0,74.0,82.0,107.0,72.0,96.0,90.0,66.0,82.0,62.0,test4
72,380.0,429.0,264.0,365.0,387.0,287.0,250.0,998.0,264.0,1406.0,375.0,2893.0,633.0,502.0,172.0,357.0,438.0,467.0,396.0,323.0,354.0,1474.0,461.0,2959.0,677.0,259.0,102.0,97.0,93.0,73.0,79.0,109.0,72.0,96.0,89.0,67.0,86.0,65.0,44.0,72.0,86.0,78.0,test4
73,263.0,397.0,389.0,260.0,225.0,260.0,282.0,1424.0,424.0,3599.0,593.0,420.0,152.0,416.0,444.0,467.0,367.0,294.0,357.0,373.0,510.0,3664.0,637.0,495.0,242.0,527.0,95.0,72.0,78.0,107.0,68.0,97.0,90.0,68.0,85.0,64.0,44.0,74.0,90.0,79.0,82.0,70.0,test4
74,418.0,2884.0,637.0,379.0,154.0,320.0,451.0,1101.0,284.0,1087.0,399.0,217.0,520.0,476.0,335.0,676.0,452.0,241.0,402.0,538.0,351.0,1182.0,524.0,280.0,609.0,432.0,83.0,63.0,39.0,73.0,86.0,82.0,86.0,73.0,66.0,94.0,125.0,62.0,89.0,100.0,96.0,85.0,test4
75,636.0,411.0,156.0,293.0,426.0,363.0,302.0,1105.0,448.0,923.0,480.0,394.0,315.0,1076.0,331.0,241.0,373.0,509.0,437.0,370.0,573.0,985.0,569.0,497.0,415.0,437.0,41.0,72.0,85.0,80.0,82.0,74.0,67.0,95.0,124.0,61.0,89.0,102.0,100.0,86.0,105.0,68.0,test4
76,427.0,368.0,279.0,340.0,441.0,203.0,547.0,1118.0,324.0,1700.0,271.0,244.0,792.0,1393.0,123.0,341.0,434.0,563.0,266.0,637.0,424.0,1788.0,380.0,316.0,846.0,226.0,83.0,71.0,62.0,94.0,121.0,63.0,89.0,102.0,99.0,87.0,109.0,71.0,54.0,84.0,102.0,80.0,test4
77,278.0,372.0,443.0,176.0,522.0,380.0,342.0,1718.0,320.0,950.0,752.0,1311.0,103.0,388.0,464.0,563.0,237.0,608.0,483.0,443.0,429.0,1021.0,806.0,1398.0,209.0,570.0,64.0,93.0,120.0,61.0,85.0,103.0,100.0,88.0,108.0,70.0,54.0,86.0,106.0,81.0,105.0,91.0,test4
78,314.0,235.0,796.0,1270.0,105.0,292.0,471.0,1148.0,274.0,1131.0,460.0,162.0,535.0,429.0,304.0,845.0,1355.0,208.0,376.0,581.0,385.0,1219.0,510.0,257.0,617.0,377.0,106.0,69.0,49.0,85.0,102.0,84.0,109.0,94.0,110.0,87.0,50.0,94.0,82.0,84.0,72.0,66.0,test4
79,795.0,1302.0,107.0,265.0,446.0,410.0,292.0,1149.0,509.0,868.0,495.0,347.0,284.0,956.0,425.0,208.0,347.0,552.0,505.0,404.0,559.0,962.0,577.0,434.0,360.0,521.0,51.0,84.0,101.0,82.0,105.0,95.0,111.0,88.0,49.0,93.0,82.0,86.0,76.0,67.0,95.0,50.0,test4
80,447.0,415.0,269.0,384.0,502.0,148.0,562.0,1071.0,293.0,1580.0,365.0,351.0,478.0,363.0,245.0,375.0,471.0,549.0,243.0,645.0,369.0,1649.0,464.0,405.0,561.0,302.0,106.0,92.0,106.0,87.0,46.0,95.0,82.0,86.0,75.0,68.0,99.0,53.0,83.0,72.0,56.0,71.0,test4
81,268.0,416.0,504.0,121.0,537.0,333.0,311.0,1598.0,414.0,1057.0,438.0,281.0,225.0,421.0,527.0,549.0,214.0,616.0,420.0,388.0,513.0,1110.0,521.0,356.0,285.0,639.0,108.0,86.0,45.0,93.0,78.0,87.0,76.0,69.0,98.0,52.0,83.0,74.0,60.0,72.0,111.0,57.0,test4
82,408.0,342.0,482.0,240.0,227.0,325.0,534.0,1168.0,306.0,1309.0,1261.0,414.0,667.0,559.0,1197.0,560.0,313.0,284.0,400.0,650.0,414.0,1376.0,1324.0,511.0,720.0,1266.0,96.0,51.0,78.0,73.0,56.0,75.0,115.0,60.0,107.0,66.0,63.0,96.0,53.0,72.0,68.0,92.0,test4
83,481.0,272.0,229.0,298.0,509.0,430.0,324.0,1327.0,1310.0,1120.0,627.0,477.0,1177.0,867.0,354.0,284.0,371.0,621.0,491.0,433.0,1373.0,1216.0,680.0,552.0,1249.0,455.0,80.0,72.0,55.0,73.0,111.0,61.0,108.0,67.0,62.0,95.0,53.0,74.0,72.0,93.0,100.0,80.0,test4
84,510.0,435.0,301.0,562.0,1303.0,400.0,694.0,1201.0,1186.0,1491.0,294.0,574.0,771.0,483.0,247.0,404.0,628.0,1363.0,497.0,748.0,1258.0,1586.0,398.0,658.0,819.0,320.0,112.0,58.0,103.0,66.0,59.0,97.0,53.0,74.0,71.0,94.0,104.0,83.0,48.0,95.0,72.0,59.0,test4
85,300.0,594.0,1305.0,373.0,669.0,463.0,1204.0,1509.0,343.0,1280.0,731.0,401.0,227.0,434.0,535.0,1363.0,468.0,719.0,538.0,1277.0,447.0,1363.0,779.0,499.0,303.0,630.0,105.0,65.0,58.0,95.0,49.0,75.0,72.0,95.0,103.0,82.0,48.0,97.0,76.0,60.0,94.0,61.0,test4
86,337.0,565.0,775.0,360.0,229.0,338.0,542.0,1121.0,246.0,1098.0,551.0,182.0,1561.0,342.0,290.0,818.0,456.0,302.0,401.0,641.0,335.0,1198.0,613.0,240.0,1660.0,379.0,101.0,81.0,43.0,96.0,72.0,63.0,98.0,64.0,88.0,99.0,62.0,57.0,99.0,94.0,88.0,92.0,test4
87,774.0,392.0,231.0,311.0,517.0,383.0,264.0,1116.0,600.0,888.0,1521.0,260.0,270.0,838.0,371.0,302.0,372.0,612.0,448.0,354.0,662.0,945.0,1620.0,357.0,362.0,467.0,45.0,95.0,71.0,61.0,94.0,65.0,89.0,100.0,61.0,56.0,99.0,96.0,92.0,93.0,95.0,93.0,test4
88,518.0,388.0,241.0,351.0,593.0,168.0,1588.0,984.0,279.0,1462.0,311.0,215.0,433.0,323.0,405.0,325.0,450.0,652.0,226.0,1688.0,371.0,1557.0,410.0,312.0,514.0,487.0,95.0,62.0,84.0,99.0,58.0,58.0,99.0,96.0,91.0,94.0,99.0,96.0,81.0,68.0,81.0,69.0,test4
89,240.0,383.0,595.0,141.0,1563.0,246.0,297.0,1480.0,360.0,921.0,393.0,241.0,385.0,404.0,466.0,652.0,197.0,1659.0,343.0,390.0,459.0,1017.0,474.0,312.0,470.0,567.0,86.0,98.0,57.0,56.0,95.0,97.0,92.0,95.0,98.0,95.0,81.0,70.0,85.0,70.0,100.0,37.0,test4
90,354.0,206.0,437.0,200.0,387.0,308.0,473.0,1169.0,263.0,1097.0,390.0,176.0,338.0,520.0,231.0,513.0,269.0,469.0,381.0,578.0,344.0,1147.0,450.0,253.0,437.0,282.0,96.0,94.0,76.0,69.0,81.0,73.0,104.0,40.0,80.0,49.0,60.0,76.0,99.0,24.0,50.0,99.0,test4
91,436.0,232.0,389.0,281.0,448.0,431.0,281.0,1115.0,439.0,882.0,298.0,438.0,211.0,1031.0,320.0,469.0,352.0,549.0,472.0,363.0,499.0,958.0,397.0,465.0,265.0,411.0,78.0,68.0,80.0,71.0,100.0,41.0,81.0,50.0,59.0,75.0,99.0,26.0,54.0,100.0,90.0,57.0,test4
92,449.0,436.0,258.0,350.0,432.0,162.0,365.0,1162.0,220.0,1655.0,260.0,260.0,453.0,338.0,176.0,334.0,399.0,489.0,239.0,465.0,274.0,1757.0,354.0,321.0,518.0,228.0,101.0,38.0,76.0,49.0,56.0,77.0,99.0,26.0,53.0,101.0,94.0,60.0,65.0,34.0,51.0,80.0,test4
93,257.0,382.0,434.0,135.0,340.0,424.0,238.0,1673.0,309.0,966.0,413.0,256.0,156.0,505.0,399.0,489.0,210.0,436.0,451.0,293.0,403.0,1026.0,478.0,293.0,211.0,463.0,78.0,48.0,55.0,75.0,95.0,27.0,54.0,102.0,93.0,59.0,65.0,36.0,55.0,81.0,63.0,88.0,test4
94,303.0,251.0,457.0,215.0,158.0,409.0,406.0,1063.0,255.0,1067.0,437.0,251.0,528.0,370.0,281.0,517.0,250.0,210.0,493.0,474.0,334.0,1156.0,499.0,326.0,598.0,344.0,91.0,58.0,60.0,35.0,51.0,84.0,67.0,91.0,78.0,88.0,62.0,74.0,70.0,67.0,62.0,102.0,test4
95,456.0,247.0,160.0,382.0,381.0,325.0,273.0,1085.0,486.0,957.0,488.0,288.0,261.0,850.0,315.0,210.0,464.0,445.0,417.0,353.0,548.0,1031.0,558.0,358.0,327.0,330.0,62.0,34.0,50.0,82.0,63.0,92.0,79.0,89.0,61.0,73.0,70.0,69.0,66.0,103.0,14.0,97.0,test4
96,382.0,330.0,250.0,320.0,479.0,237.0,555.0,1012.0,270.0,1474.0,255.0,392.0,440.0,316.0,188.0,324.0,408.0,538.0,312.0,626.0,336.0,1579.0,273.0,493.0,468.0,274.0,64.0,89.0,74.0,88.0,58.0,75.0,70.0,69.0,65.0,104.0,18.0,100.0,28.0,55.0,85.0,70.0,test4
97,249.0,352.0,481.0,210.0,530.0,274.0,288.0,1492.0,304.0,1098.0,400.0,234.0,168.0,415.0,488.0,538.0,283.0,597.0,344.0,355.0,322.0,1198.0,428.0,292.0,257.0,546.0,76.0,87.0,57.0,73.0,66.0,70.0,66.0,105.0,17.0,99.0,28.0,57.0,89.0,71.0,57.0,80.0,test4
98,298.0,383.0,444.0,193.0,170.0,319.0,495.0,1072.0,245.0,1070.0,395.0,262.0,729.0,449.0,358.0,467.0,249.0,256.0,393.0,557.0,321.0,1159.0,463.0,344.0,756.0,442.0,15.0,98.0,23.0,56.0,85.0,74.0,61.0,83.0,75.0,88.0,68.0,81.0,27.0,59.0,83.0,79.0,test4
99,443.0,225.0,172.0,292.0,470.0,334.0,263.0,1088.0,444.0,968.0,689.0,367.0,338.0,899.0,315.0,256.0,364.0,528.0,418.0,340.0,512.0,1049.0,716.0,429.0,425.0,377.0,25.0,55.0,84.0,72.0,57.0,84.0,76.0,89.0,67.0,80.0,27.0,61.0,87.0,80.0,61.0,64.0,test4
100,409.0,242.0,585.0,277.0,100.0,293.0,520.0,884.0,240.0,968.0,474.0,104.0,155.0,368.0,572.0,652.0,332.0,180.0,372.0,590.0,306.0,1039.0,541.0,177.0,243.0,652.0,98.0,51.0,67.0,55.0,79.0,79.0,69.0,42.0,65.0,70.0,67.0,72.0,88.0,81.0,79.0,76.0,test3
101,584.0,309.0,102.0,266.0,495.0,146.0,258.0,986.0,523.0,810.0,115.0,286.0,552.0,852.0,232.0,180.0,343.0,561.0,189.0,325.0,590.0,882.0,203.0,370.0,635.0,317.0,69.0,54.0,78.0,77.0,65.0,43.0,66.0,71.0,66.0,71.0,88.0,83.0,83.0,77.0,84.0,62.0,test3
102,496.0,151.0,235.0,221.0,516.0,90.0,182.0,1010.0,561.0,1476.0,172.0,199.0,439.0,385.0,104.0,296.0,291.0,580.0,163.0,271.0,644.0,1555.0,260.0,265.0,503.0,184.0,66.0,40.0,61.0,70.0,63.0,73.0,88.0,83.0,82.0,78.0,88.0,65.0,64.0,62.0,79.0,53.0,test3
103,234.0,253.0,518.0,63.0,157.0,272.0,579.0,1494.0,221.0,905.0,399.0,303.0,84.0,430.0,473.0,580.0,134.0,242.0,356.0,663.0,309.0,970.0,463.0,368.0,167.0,516.0,63.0,69.0,62.0,71.0,84.0,84.0,83.0,79.0,87.0,64.0,64.0,64.0,83.0,54.0,42.0,28.0,test3
104,215.0,190.0,443.0,262.0,86.0,334.0,480.0,906.0,265.0,905.0,464.0,113.0,149.0,308.0,533.0,502.0,325.0,166.0,391.0,527.0,316.0,966.0,540.0,192.0,213.0,606.0,85.0,63.0,59.0,63.0,79.0,57.0,46.0,31.0,50.0,60.0,76.0,78.0,64.0,60.0,72.0,51.0,test3
105,442.0,294.0,88.0,307.0,455.0,168.0,283.0,923.0,513.0,819.0,109.0,226.0,513.0,569.0,554.0,166.0,362.0,498.0,200.0,335.0,589.0,897.0,173.0,289.0,589.0,626.0,61.0,62.0,78.0,55.0,42.0,32.0,51.0,61.0,75.0,77.0,64.0,62.0,76.0,52.0,71.0,83.0,test3
106,456.0,173.0,260.0,158.0,506.0,99.0,176.0,950.0,522.0,1193.0,494.0,211.0,347.0,349.0,133.0,306.0,218.0,579.0,178.0,241.0,598.0,1247.0,569.0,298.0,410.0,188.0,43.0,29.0,46.0,60.0,72.0,79.0,64.0,62.0,75.0,53.0,75.0,86.0,63.0,50.0,54.0,46.0,test3
107,259.0,190.0,508.0,72.0,151.0,212.0,540.0,1211.0,543.0,917.0,307.0,267.0,113.0,392.0,430.0,579.0,149.0,212.0,275.0,617.0,618.0,1003.0,370.0,320.0,171.0,497.0,48.0,59.0,71.0,77.0,60.0,63.0,76.0,54.0,74.0,85.0,63.0,52.0,58.0,47.0,66.0,49.0,test3
108,537.0,202.0,351.0,226.0,115.0,296.0,437.0,867.0,231.0,956.0,398.0,133.0,129.0,306.0,530.0,409.0,277.0,170.0,346.0,508.0,291.0,1022.0,459.0,194.0,198.0,575.0,72.0,84.0,58.0,51.0,54.0,50.0,70.0,52.0,59.0,65.0,61.0,60.0,69.0,59.0,44.0,74.0,test3
109,350.0,258.0,117.0,269.0,412.0,129.0,249.0,974.0,447.0,839.0,89.0,224.0,510.0,907.0,262.0,170.0,317.0,479.0,182.0,310.0,508.0,899.0,158.0,286.0,558.0,319.0,60.0,50.0,53.0,48.0,66.0,53.0,60.0,66.0,60.0,59.0,69.0,61.0,48.0,75.0,56.0,58.0,test3
110,413.0,134.0,226.0,209.0,440.0,119.0,156.0,948.0,519.0,1531.0,202.0,218.0,427.0,1068.0,132.0,281.0,274.0,498.0,180.0,226.0,567.0,1608.0,262.0,280.0,497.0,196.0,67.0,50.0,55.0,65.0,57.0,61.0,69.0,61.0,47.0,76.0,60.0,61.0,70.0,67.0,63.0,55.0,test3
111,225.0,241.0,442.0,92.0,131.0,210.0,537.0,1549.0,251.0,924.0,387.0,986.0,112.0,393.0,507.0,498.0,151.0,197.0,272.0,586.0,311.0,985.0,457.0,1056.0,179.0,585.0,57.0,64.0,56.0,59.0,65.0,62.0,48.0,77.0,59.0,60.0,70.0,69.0,67.0,56.0,77.0,57.0,test3
112,245.0,209.0,431.0,945.0,114.0,297.0,514.0,838.0,244.0,986.0,2699.0,145.0,149.0,305.0,598.0,496.0,1013.0,178.0,356.0,596.0,320.0,1025.0,2775.0,195.0,224.0,670.0,57.0,59.0,65.0,68.0,63.0,59.0,81.0,60.0,75.0,38.0,76.0,49.0,75.0,61.0,71.0,80.0,test3
113,430.0,977.0,116.0,270.0,489.0,100.0,262.0,1004.0,2748.0,851.0,109.0,223.0,578.0,921.0,233.0,178.0,327.0,567.0,161.0,339.0,2824.0,900.0,184.0,287.0,653.0,322.0,67.0,67.0,62.0,57.0,77.0,61.0,76.0,39.0,75.0,48.0,75.0,63.0,75.0,81.0,88.0,64.0,test3
114,490.0,105.0,239.0,239.0,2741.0,131.0,176.0,947.0,587.0,1545.0,173.0,241.0,378.0,409.0,147.0,310.0,277.0,2814.0,181.0,252.0,662.0,1628.0,265.0,309.0,438.0,205.0,78.0,58.0,71.0,38.0,72.0,50.0,75.0,63.0,74.0,82.0,92.0,67.0,60.0,42.0,57.0,61.0,test3
115,238.0,271.0,2743.0,104.0,151.0,209.0,605.0,1563.0,222.0,947.0,338.0,327.0,127.0,477.0,549.0,2814.0,152.0,223.0,273.0,681.0,314.0,1014.0,398.0,372.0,188.0,639.0,73.0,37.0,71.0,48.0,71.0,64.0,75.0,83.0,91.0,66.0,60.0,44.0,61.0,62.0,89.0,53.0,test3
116,216.0,232.0,382.0,286.0,129.0,381.0,556.0,860.0,241.0,961.0,402.0,127.0,160.0,368.0,1420.0,437.0,329.0,187.0,446.0,650.0,324.0,1032.0,493.0,196.0,225.0,1470.0,89.0,65.0,55.0,43.0,57.0,65.0,93.0,56.0,82.0,70.0,91.0,68.0,65.0,61.0,49.0,84.0,test3
117,381.0,318.0,131.0,354.0,531.0,122.0,259.0,979.0,451.0,833.0,120.0,286.0,1400.0,743.0,280.0,187.0,417.0,621.0,179.0,343.0,542.0,901.0,185.0,350.0,1453.0,371.0,57.0,42.0,56.0,63.0,89.0,57.0,83.0,71.0,90.0,67.0,65.0,63.0,53.0,85.0,90.0,81.0,test3
118,532.0,127.0,236.0,214.0,444.0,113.0,187.0,1010.0,1409.0,1367.0,220.0,200.0,849.0,435.0,170.0,314.0,284.0,532.0,182.0,253.0,1462.0,1454.0,314.0,285.0,924.0,217.0,90.0,54.0,78.0,70.0,87.0,69.0,65.0,63.0,52.0,86.0,94.0,84.0,75.0,49.0,46.0,48.0,test3
119,235.0,246.0,446.0,86.0,162.0,272.0,1427.0,1385.0,269.0,906.0,809.0,353.0,150.0,420.0,426.0,532.0,153.0,224.0,336.0,1481.0,363.0,990.0,884.0,405.0,200.0,504.0,80.0,69.0,86.0,67.0,61.0,64.0,53.0,87.0,93.0,83.0,75.0,51.0,50.0,49.0,77.0,51.0,test3
120,263.0,191.0,853.0,312.0,152.0,324.0,433.0,868.0,244.0,968.0,431.0,135.0,155.0,378.0,691.0,923.0,362.0,199.0,376.0,515.0,305.0,1039.0,493.0,180.0,228.0,745.0,91.0,82.0,70.0,50.0,46.0,52.0,81.0,54.0,60.0,70.0,62.0,44.0,73.0,57.0,53.0,55.0,test3
121,852.0,344.0,154.0,297.0,408.0,130.0,262.0,986.0,480.0,841.0,115.0,296.0,671.0,484.0,542.0,199.0,347.0,486.0,185.0,324.0,542.0,885.0,188.0,356.0,728.0,622.0,72.0,49.0,45.0,50.0,77.0,55.0,61.0,71.0,61.0,43.0,73.0,59.0,57.0,56.0,79.0,54.0,test3
122,409.0,135.0,239.0,221.0,473.0,121.0,182.0,1020.0,680.0,1108.0,482.0,212.0,464.0,427.0,193.0,295.0,291.0,532.0,166.0,256.0,737.0,1166.0,565.0,270.0,530.0,267.0,78.0,52.0,56.0,70.0,58.0,45.0,73.0,59.0,56.0,57.0,83.0,57.0,66.0,50.0,73.0,48.0,test3
123,238.0,253.0,475.0,94.0,157.0,282.0,698.0,1126.0,531.0,918.0,424.0,345.0,173.0,445.0,434.0,532.0,137.0,227.0,342.0,756.0,614.0,975.0,490.0,398.0,250.0,519.0,58.0,69.0,57.0,43.0,69.0,60.0,57.0,58.0,82.0,56.0,66.0,52.0,77.0,49.0,84.0,56.0,test3
124,525.0,203.0,468.0,304.0,175.0,349.0,441.0,855.0,261.0,939.0,389.0,122.0,161.0,359.0,588.0,529.0,355.0,249.0,401.0,530.0,331.0,984.0,457.0,182.0,237.0,655.0,80.0,55.0,61.0,51.0,73.0,52.0,88.0,59.0,69.0,44.0,68.0,59.0,76.0,70.0,66.0,86.0,test3
125,467.0,336.0,177.0,322.0,416.0,117.0,279.0,957.0,438.0,828.0,121.0,277.0,568.0,913.0,253.0,249.0,372.0,501.0,177.0,350.0,506.0,887.0,197.0,350.0,638.0,318.0,63.0,50.0,72.0,50.0,84.0,60.0,70.0,45.0,67.0,58.0,76.0,72.0,70.0,87.0,64.0,63.0,test3
126,417.0,122.0,256.0,192.0,431.0,108.0,188.0,1001.0,577.0,1537.0,193.0,210.0,389.0,429.0,125.0,321.0,236.0,496.0,168.0,265.0,647.0,1626.0,261.0,277.0,454.0,177.0,85.0,57.0,65.0,44.0,64.0,60.0,76.0,72.0,69.0,88.0,68.0,66.0,65.0,52.0,51.0,42.0,test3
127,255.0,224.0,433.0,81.0,163.0,263.0,595.0,1555.0,242.0,916.0,349.0,347.0,105.0,493.0,451.0,496.0,139.0,236.0,336.0,666.0,310.0,982.0,414.0,402.0,160.0,509.0,67.0,43.0,63.0,58.0,72.0,73.0,70.0,89.0,67.0,65.0,65.0,54.0,55.0,43.0,57.0,71.0,test3
128,236.0,201.0,393.0,306.0,107.0,397.0,458.0,990.0,243.0,901.0,374.0,132.0,161.0,320.0,531.0,453.0,359.0,159.0,443.0,520.0,304.0,980.0,458.0,196.0,244.0,588.0,65.0,64.0,60.0,53.0,51.0,46.0,61.0,74.0,60.0,78.0,84.0,63.0,83.0,47.0,56.0,57.0,test3
129,392.0,338.0,109.0,370.0,433.0,252.0,261.0,919.0,423.0,838.0,121.0,238.0,511.0,690.0,272.0,159.0,414.0,491.0,327.0,323.0,507.0,901.0,204.0,288.0,571.0,350.0,62.0,52.0,50.0,44.0,57.0,75.0,61.0,79.0,83.0,62.0,83.0,49.0,60.0,58.0,77.0,68.0,test3
130,434.0,257.0,238.0,154.0,416.0,118.0,188.0,962.0,520.0,1314.0,212.0,239.0,353.0,386.0,156.0,294.0,232.0,497.0,182.0,272.0,580.0,1374.0,293.0,311.0,409.0,217.0,58.0,72.0,56.0,78.0,80.0,64.0,83.0,49.0,59.0,59.0,81.0,71.0,56.0,72.0,60.0,60.0,test3
131,237.0,186.0,418.0,91.0,163.0,224.0,538.0,1332.0,261.0,945.0,313.0,304.0,136.0,388.0,555.0,497.0,153.0,243.0,274.0,599.0,342.0,1016.0,369.0,379.0,200.0,619.0,58.0,77.0,79.0,62.0,79.0,50.0,60.0,60.0,80.0,70.0,56.0,74.0,64.0,61.0,63.0,64.0,test3
132,255.0,230.0,357.0,263.0,138.0,292.0,562.0,861.0,241.0,961.0,422.0,108.0,142.0,299.0,386.0,408.0,336.0,199.0,356.0,630.0,307.0,1034.0,448.0,180.0,212.0,455.0,78.0,69.0,51.0,73.0,60.0,64.0,67.0,67.0,65.0,72.0,26.0,71.0,70.0,59.0,68.0,57.0,test3
133,356.0,295.0,140.0,265.0,537.0,123.0,259.0,979.0,471.0,814.0,102.0,217.0,366.0,728.0,245.0,199.0,327.0,601.0,191.0,326.0,497.0,885.0,172.0,279.0,438.0,335.0,53.0,72.0,59.0,62.0,63.0,68.0,66.0,73.0,25.0,70.0,70.0,61.0,72.0,58.0,89.0,48.0,test3
134,538.0,128.0,236.0,214.0,464.0,94.0,169.0,941.0,375.0,1352.0,185.0,217.0,328.0,331.0,146.0,297.0,286.0,487.0,166.0,240.0,447.0,1412.0,278.0,269.0,387.0,204.0,64.0,65.0,61.0,72.0,22.0,72.0,70.0,61.0,71.0,59.0,93.0,51.0,59.0,76.0,57.0,53.0,test3
135,235.0,246.0,466.0,67.0,144.0,203.0,393.0,1370.0,234.0,923.0,288.0,249.0,126.0,436.0,425.0,487.0,137.0,211.0,265.0,466.0,327.0,974.0,347.0,328.0,187.0,497.0,63.0,71.0,21.0,70.0,66.0,62.0,72.0,60.0,92.0,50.0,59.0,78.0,61.0,54.0,71.0,49.0,test3
136,228.0,208.0,332.0,208.0,128.0,340.0,432.0,866.0,212.0,962.0,330.0,126.0,160.0,344.0,588.0,386.0,285.0,186.0,397.0,508.0,289.0,1034.0,402.0,183.0,220.0,621.0,90.0,49.0,54.0,77.0,57.0,57.0,75.0,52.0,76.0,71.0,72.0,56.0,60.0,70.0,32.0,47.0,test3
137,331.0,240.0,130.0,313.0,407.0,128.0,230.0,980.0,379.0,832.0,120.0,262.0,568.0,729.0,320.0,186.0,368.0,479.0,181.0,308.0,451.0,888.0,180.0,335.0,604.0,398.0,56.0,76.0,56.0,55.0,71.0,53.0,77.0,72.0,71.0,55.0,60.0,72.0,36.0,48.0,77.0,77.0,test3
138,408.0,133.0,207.0,215.0,372.0,112.0,187.0,986.0,577.0,1353.0,260.0,219.0,306.0,343.0,149.0,279.0,286.0,441.0,169.0,248.0,613.0,1403.0,341.0,300.0,367.0,217.0,72.0,50.0,72.0,71.0,68.0,57.0,60.0,72.0,35.0,49.0,81.0,80.0,61.0,62.0,67.0,30.0,test3
139,206.0,247.0,374.0,85.0,162.0,248.0,595.0,1371.0,309.0,925.0,266.0,261.0,129.0,410.0,482.0,441.0,140.0,219.0,321.0,632.0,390.0,1005.0,327.0,326.0,200.0,551.0,74.0,70.0,67.0,55.0,56.0,73.0,36.0,50.0,80.0,79.0,61.0,64.0,71.0,31.0,68.0,41.0,test3
140,303.0,210.0,310.0,220.0,131.0,314.0,489.0,892.0,230.0,1013.0,332.0,131.0,185.0,299.0,534.0,366.0,283.0,199.0,348.0,562.0,304.0,1086.0,400.0,203.0,260.0,597.0,78.0,78.0,56.0,63.0,67.0,34.0,72.0,44.0,73.0,72.0,68.0,71.0,75.0,54.0,62.0,69.0,test3
141,309.0,252.0,133.0,287.0,464.0,154.0,248.0,1031.0,381.0,837.0,145.0,217.0,514.0,809.0,276.0,199.0,319.0,533.0,199.0,323.0,449.0,908.0,220.0,274.0,580.0,351.0,58.0,62.0,66.0,32.0,68.0,45.0,74.0,73.0,67.0,70.0,75.0,56.0,66.0,70.0,74.0,64.0,test3
142,465.0,159.0,225.0,266.0,374.0,117.0,212.0,941.0,523.0,1433.0,216.0,230.0,344.0,359.0,103.0,294.0,338.0,439.0,189.0,288.0,589.0,1505.0,294.0,298.0,416.0,153.0,69.0,42.0,69.0,72.0,64.0,72.0,75.0,56.0,65.0,71.0,78.0,67.0,72.0,71.0,49.0,83.0,test3
143,224.0,298.0,376.0,90.0,187.0,203.0,541.0,1451.0,265.0,936.0,304.0,277.0,83.0,398.0,620.0,439.0,160.0,259.0,260.0,608.0,343.0,1003.0,376.0,351.0,136.0,699.0,71.0,71.0,63.0,70.0,71.0,57.0,66.0,72.0,77.0,66.0,72.0,73.0,53.0,84.0,78.0,42.0,test3
144,259.0,221.0,348.0,236.0,85.0,302.0,627.0,920.0,235.0,978.0,354.0,137.0,166.0,414.0,1028.0,415.0,308.0,135.0,389.0,710.0,310.0,1046.0,453.0,200.0,241.0,1099.0,75.0,65.0,67.0,72.0,49.0,87.0,82.0,45.0,74.0,67.0,99.0,62.0,75.0,61.0,70.0,72.0,test3
145,347.0,268.0,87.0,275.0,602.0,182.0,253.0,996.0,403.0,843.0,126.0,332.0,1008.0,736.0,286.0,135.0,360.0,681.0,228.0,329.0,502.0,905.0,201.0,396.0,1082.0,361.0,69.0,71.0,48.0,85.0,78.0,46.0,75.0,68.0,98.0,61.0,75.0,63.0,74.0,73.0,74.0,65.0,test3
146,603.0,187.0,230.0,231.0,396.0,123.0,193.0,1056.0,1017.0,1360.0,226.0,224.0,461.0,314.0,126.0,300.0,298.0,492.0,186.0,269.0,1091.0,1435.0,304.0,293.0,527.0,190.0,79.0,43.0,70.0,67.0,95.0,63.0,75.0,63.0,73.0,74.0,78.0,68.0,66.0,64.0,63.0,66.0,test3
147,229.0,263.0,398.0,96.0,168.0,318.0,1035.0,1378.0,275.0,930.0,421.0,232.0,106.0,402.0,472.0,492.0,157.0,240.0,382.0,1110.0,353.0,998.0,487.0,299.0,173.0,544.0,72.0,66.0,94.0,61.0,71.0,64.0,74.0,75.0,77.0,67.0,66.0,66.0,67.0,67.0,71.0,47.0,test3
148,269.0,215.0,465.0,191.0,108.0,306.0,479.0,892.0,250.0,896.0,373.0,109.0,161.0,320.0,567.0,526.0,256.0,172.0,376.0,555.0,313.0,951.0,462.0,181.0,243.0,627.0,75.0,66.0,61.0,65.0,63.0,70.0,75.0,50.0,62.0,54.0,89.0,71.0,82.0,48.0,59.0,58.0,test3
149,464.0,223.0,110.0,279.0,454.0,154.0,268.0,914.0,422.0,815.0,121.0,238.0,547.0,724.0,366.0,172.0,347.0,526.0,205.0,332.0,511.0,886.0,203.0,289.0,610.0,432.0,63.0,64.0,62.0,68.0,71.0,51.0,63.0,55.0,88.0,70.0,82.0,50.0,63.0,59.0,65.0,60.0,test3
150,442.0,259.0,1047.0,224.0,152.0,1874.0,509.0,1081.0,226.0,1096.0,73.0,126.0,76.0,238.0,212.0,1117.0,302.0,202.0,1953.0,615.0,320.0,1167.0,116.0,218.0,173.0,279.0,78.0,24.0,70.0,78.0,49.0,79.0,105.0,72.0,93.0,70.0,43.0,91.0,97.0,66.0,66.0,74.0,test2
151,1046.0,256.0,154.0,1847.0,484.0,343.0,244.0,1114.0,122.0,832.0,36.0,156.0,192.0,617.0,455.0,202.0,1924.0,586.0,416.0,339.0,165.0,923.0,133.0,225.0,262.0,545.0,72.0,77.0,48.0,77.0,101.0,73.0,94.0,71.0,42.0,90.0,97.0,68.0,70.0,75.0,89.0,71.0,test2
152,485.0,348.0,221.0,349.0,115.0,112.0,103.0,880.0,201.0,1241.0,395.0,203.0,430.0,186.0,149.0,310.0,419.0,155.0,204.0,201.0,271.0,1318.0,488.0,278.0,495.0,224.0,102.0,70.0,89.0,70.0,39.0,92.0,97.0,68.0,69.0,76.0,93.0,74.0,65.0,77.0,74.0,59.0,test2
153,220.0,381.0,117.0,85.0,78.0,142.0,219.0,1259.0,444.0,909.0,390.0,104.0,129.0,391.0,300.0,155.0,175.0,172.0,211.0,290.0,537.0,983.0,455.0,184.0,207.0,390.0,91.0,69.0,38.0,90.0,93.0,69.0,70.0,77.0,92.0,73.0,65.0,79.0,78.0,60.0,89.0,54.0,test2
154,438.0,194.0,434.0,63.0,131.0,295.0,307.0,851.0,227.0,1063.0,37.0,117.0,84.0,251.0,228.0,494.0,141.0,206.0,358.0,401.0,301.0,1110.0,126.0,208.0,172.0,301.0,90.0,72.0,60.0,78.0,74.0,63.0,93.0,57.0,73.0,46.0,89.0,90.0,88.0,57.0,72.0,72.0,test2
155,433.0,95.0,133.0,268.0,282.0,113.0,245.0,1081.0,86.0,823.0,44.0,169.0,208.0,540.0,401.0,206.0,329.0,372.0,171.0,320.0,175.0,913.0,132.0,229.0,284.0,484.0,62.0,77.0,73.0,61.0,89.0,58.0,74.0,47.0,88.0,89.0,88.0,59.0,76.0,73.0,82.0,67.0,test2
156,283.0,118.0,222.0,316.0,79.0,103.0,111.0,893.0,217.0,1164.0,341.0,216.0,404.0,167.0,143.0,291.0,362.0,165.0,194.0,200.0,293.0,1239.0,427.0,287.0,467.0,223.0,90.0,55.0,69.0,46.0,85.0,91.0,88.0,59.0,75.0,74.0,86.0,70.0,63.0,62.0,79.0,72.0,test2
157,221.0,348.0,81.0,76.0,86.0,155.0,235.0,1182.0,390.0,922.0,364.0,85.0,123.0,386.0,318.0,165.0,165.0,171.0,215.0,312.0,476.0,992.0,427.0,150.0,206.0,369.0,71.0,45.0,84.0,89.0,84.0,60.0,76.0,75.0,85.0,69.0,63.0,64.0,83.0,73.0,50.0,64.0,test2
158,384.0,207.0,408.0,44.0,125.0,290.0,325.0,832.0,232.0,1053.0,62.0,107.0,61.0,257.0,279.0,466.0,107.0,205.0,366.0,380.0,319.0,1106.0,139.0,200.0,144.0,336.0,83.0,68.0,58.0,63.0,79.0,76.0,54.0,67.0,86.0,52.0,77.0,92.0,83.0,87.0,56.0,62.0,test2
159,407.0,76.0,127.0,263.0,300.0,94.0,250.0,1071.0,111.0,813.0,21.0,175.0,259.0,3426.0,319.0,205.0,337.0,351.0,162.0,338.0,188.0,905.0,104.0,265.0,319.0,420.0,60.0,62.0,78.0,74.0,50.0,68.0,87.0,53.0,76.0,91.0,83.0,89.0,60.0,63.0,100.0,74.0,test2
160,301.0,99.0,227.0,306.0,104.0,93.0,88.0,899.0,268.0,4050.0,259.0,226.0,428.0,211.0,124.0,309.0,358.0,178.0,186.0,172.0,328.0,4115.0,363.0,304.0,499.0,207.0,51.0,65.0,82.0,52.0,73.0,93.0,83.0,89.0,59.0,64.0,104.0,77.0,71.0,69.0,82.0,66.0,test2
161,226.0,338.0,106.0,66.0,63.0,161.0,286.0,4068.0,308.0,932.0,388.0,129.0,104.0,414.0,318.0,178.0,157.0,143.0,251.0,347.0,412.0,1009.0,459.0,201.0,190.0,401.0,84.0,51.0,72.0,91.0,79.0,90.0,60.0,65.0,103.0,76.0,71.0,71.0,86.0,67.0,82.0,75.0,test2
162,302.0,217.0,432.0,88.0,106.0,318.0,325.0,870.0,236.0,1109.0,77.0,111.0,95.0,269.0,246.0,498.0,158.0,189.0,388.0,412.0,304.0,1162.0,145.0,192.0,168.0,314.0,101.0,75.0,66.0,70.0,82.0,70.0,86.0,78.0,67.0,52.0,68.0,80.0,73.0,62.0,67.0,80.0,test2
163,431.0,120.0,108.0,291.0,300.0,132.0,254.0,1127.0,126.0,817.0,55.0,187.0,226.0,3249.0,346.0,189.0,359.0,383.0,211.0,323.0,194.0,897.0,128.0,252.0,297.0,419.0,68.0,69.0,81.0,68.0,82.0,79.0,68.0,53.0,67.0,79.0,73.0,64.0,71.0,81.0,72.0,74.0,test2
164,301.0,137.0,231.0,362.0,119.0,97.0,122.0,911.0,235.0,3873.0,286.0,205.0,444.0,219.0,160.0,294.0,414.0,184.0,178.0,196.0,306.0,3956.0,362.0,283.0,530.0,207.0,83.0,76.0,63.0,52.0,64.0,81.0,73.0,64.0,70.0,82.0,76.0,77.0,86.0,101.0,46.0,87.0,test2
165,230.0,394.0,121.0,70.0,97.0,173.0,253.0,3891.0,335.0,911.0,404.0,137.0,140.0,354.0,344.0,184.0,149.0,167.0,238.0,325.0,411.0,988.0,490.0,241.0,190.0,444.0,65.0,51.0,63.0,79.0,69.0,65.0,71.0,83.0,75.0,76.0,86.0,103.0,50.0,88.0,99.0,53.0,test2
166,329.0,196.0,448.0,96.0,142.0,258.0,351.0,871.0,246.0,1069.0,57.0,128.0,99.0,275.0,265.0,529.0,198.0,189.0,349.0,455.0,298.0,1128.0,140.0,219.0,175.0,322.0,73.0,75.0,81.0,102.0,46.0,91.0,103.0,56.0,51.0,58.0,83.0,90.0,76.0,67.0,56.0,73.0,test2
167,447.0,128.0,144.0,231.0,326.0,133.0,264.0,1087.0,106.0,834.0,59.0,193.0,245.0,823.0,307.0,189.0,320.0,426.0,190.0,317.0,189.0,924.0,135.0,263.0,305.0,390.0,83.0,101.0,45.0,89.0,99.0,57.0,52.0,59.0,82.0,89.0,76.0,69.0,60.0,74.0,82.0,90.0,test2
168,327.0,138.0,241.0,322.0,99.0,114.0,126.0,917.0,254.0,1447.0,247.0,205.0,426.0,195.0,171.0,288.0,380.0,179.0,205.0,203.0,314.0,1523.0,333.0,299.0,501.0,258.0,100.0,54.0,47.0,58.0,79.0,91.0,76.0,69.0,59.0,75.0,86.0,93.0,75.0,68.0,86.0,52.0,test2
169,240.0,354.0,101.0,87.0,101.0,179.0,272.0,1465.0,296.0,911.0,386.0,113.0,151.0,411.0,366.0,179.0,176.0,174.0,249.0,333.0,382.0,1004.0,461.0,184.0,241.0,422.0,49.0,57.0,78.0,89.0,72.0,70.0,60.0,76.0,85.0,92.0,75.0,70.0,90.0,53.0,55.0,51.0,test2
170,290.0,196.0,430.0,72.0,153.0,315.0,373.0,852.0,694.0,1045.0,83.0,110.0,77.0,244.0,269.0,500.0,141.0,240.0,371.0,433.0,761.0,1130.0,166.0,192.0,171.0,368.0,83.0,91.0,70.0,69.0,86.0,56.0,59.0,54.0,66.0,84.0,83.0,81.0,94.0,101.0,98.0,64.0,test2
171,429.0,104.0,155.0,288.0,348.0,114.0,712.0,1063.0,132.0,816.0,37.0,162.0,249.0,769.0,266.0,240.0,342.0,404.0,169.0,780.0,215.0,897.0,131.0,266.0,351.0,336.0,72.0,68.0,85.0,54.0,55.0,55.0,67.0,85.0,82.0,80.0,94.0,103.0,102.0,65.0,69.0,85.0,test2
172,349.0,119.0,689.0,298.0,125.0,96.0,104.0,886.0,258.0,1393.0,206.0,216.0,424.0,197.0,174.0,751.0,382.0,205.0,178.0,199.0,360.0,1460.0,279.0,305.0,483.0,235.0,56.0,52.0,62.0,84.0,79.0,82.0,94.0,103.0,101.0,66.0,73.0,88.0,59.0,77.0,60.0,93.0,test2
173,688.0,330.0,127.0,69.0,79.0,148.0,276.0,1411.0,255.0,922.0,384.0,115.0,154.0,383.0,310.0,205.0,149.0,170.0,252.0,379.0,328.0,1010.0,443.0,195.0,218.0,393.0,64.0,83.0,78.0,80.0,90.0,104.0,102.0,67.0,72.0,87.0,59.0,79.0,64.0,94.0,82.0,75.0,test2
174,249.0,207.0,428.0,74.0,156.0,287.0,317.0,853.0,225.0,1124.0,63.0,108.0,101.0,259.0,275.0,482.0,152.0,217.0,384.0,404.0,284.0,1207.0,123.0,211.0,190.0,374.0,70.0,86.0,54.0,78.0,60.0,97.0,86.0,78.0,58.0,82.0,60.0,102.0,89.0,94.0,98.0,85.0,test2
175,427.0,106.0,158.0,260.0,292.0,115.0,243.0,1142.0,112.0,814.0,61.0,177.0,255.0,700.0,271.0,217.0,355.0,375.0,194.0,303.0,172.0,916.0,150.0,274.0,357.0,359.0,56.0,77.0,59.0,95.0,82.0,79.0,59.0,83.0,59.0,101.0,89.0,96.0,102.0,86.0,87.0,80.0,test2
176,293.0,120.0,220.0,377.0,105.0,94.0,128.0,901.0,264.0,1324.0,211.0,230.0,393.0,161.0,132.0,274.0,459.0,162.0,197.0,218.0,366.0,1412.0,302.0,314.0,465.0,235.0,83.0,76.0,54.0,82.0,56.0,103.0,89.0,96.0,101.0,87.0,91.0,83.0,72.0,91.0,102.0,74.0,test2
177,219.0,409.0,107.0,67.0,103.0,163.0,282.0,1342.0,260.0,936.0,353.0,79.0,112.0,396.0,286.0,162.0,168.0,189.0,260.0,385.0,351.0,1019.0,425.0,173.0,218.0,347.0,56.0,81.0,55.0,101.0,85.0,97.0,102.0,88.0,90.0,82.0,72.0,93.0,106.0,75.0,60.0,81.0,test2
178,254.0,221.0,397.0,38.0,114.0,300.0,293.0,842.0,225.0,1057.0,95.0,123.0,114.0,245.0,279.0,464.0,130.0,217.0,378.0,358.0,307.0,1139.0,174.0,212.0,180.0,381.0,88.0,81.0,67.0,92.0,102.0,78.0,64.0,84.0,81.0,81.0,79.0,88.0,66.0,93.0,101.0,63.0,test2
179,396.0,70.0,116.0,273.0,268.0,104.0,243.0,1075.0,144.0,829.0,74.0,163.0,259.0,592.0,325.0,217.0,349.0,329.0,189.0,326.0,223.0,917.0,140.0,259.0,364.0,409.0,69.0,91.0,101.0,76.0,60.0,85.0,82.0,82.0,78.0,87.0,66.0,95.0,105.0,64.0,83.0,79.0,test2
180,269.0,109.0,220.0,310.0,137.0,109.0,141.0,887.0,268.0,1216.0,265.0,220.0,403.0,204.0,130.0,297.0,391.0,213.0,198.0,208.0,373.0,1282.0,352.0,303.0,461.0,221.0,61.0,82.0,77.0,81.0,75.0,89.0,66.0,95.0,104.0,65.0,87.0,82.0,58.0,68.0,90.0,80.0,test2
181,219.0,342.0,139.0,82.0,116.0,149.0,286.0,1234.0,314.0,926.0,363.0,122.0,110.0,348.0,253.0,213.0,169.0,179.0,245.0,392.0,401.0,1008.0,421.0,193.0,204.0,331.0,79.0,80.0,74.0,87.0,62.0,96.0,105.0,66.0,86.0,81.0,58.0,70.0,94.0,81.0,77.0,65.0,test2
182,308.0,211.0,407.0,81.0,112.0,252.0,260.0,874.0,238.0,1074.0,53.0,108.0,123.0,237.0,265.0,460.0,150.0,203.0,336.0,342.0,308.0,1112.0,105.0,211.0,211.0,367.0,84.0,80.0,53.0,69.0,90.0,84.0,81.0,68.0,69.0,37.0,52.0,102.0,88.0,63.0,101.0,79.0,test2
183,406.0,113.0,114.0,225.0,235.0,136.0,256.0,1092.0,102.0,814.0,83.0,155.0,245.0,756.0,261.0,203.0,307.0,313.0,205.0,327.0,154.0,916.0,171.0,221.0,350.0,338.0,55.0,68.0,89.0,82.0,77.0,69.0,70.0,38.0,51.0,101.0,88.0,65.0,105.0,80.0,76.0,86.0,test2
184,236.0,141.0,233.0,327.0,95.0,94.0,150.0,879.0,254.0,1380.0,201.0,232.0,376.0,214.0,136.0,298.0,364.0,144.0,197.0,239.0,359.0,1462.0,281.0,322.0,430.0,219.0,78.0,66.0,65.0,37.0,48.0,103.0,88.0,65.0,104.0,81.0,80.0,89.0,54.0,65.0,82.0,85.0,test2
185,232.0,359.0,97.0,67.0,125.0,141.0,272.0,1398.0,250.0,938.0,336.0,132.0,116.0,416.0,245.0,144.0,168.0,210.0,207.0,378.0,330.0,1027.0,390.0,200.0,202.0,295.0,67.0,36.0,47.0,101.0,84.0,66.0,105.0,82.0,79.0,88.0,54.0,67.0,86.0,86.0,49.0,42.0,test2
186,244.0,223.0,380.0,91.0,118.0,320.0,252.0,905.0,248.0,1108.0,21.0,150.0,102.0,256.0,267.0,429.0,157.0,201.0,409.0,306.0,304.0,1163.0,83.0,257.0,183.0,355.0,77.0,87.0,49.0,66.0,82.0,89.0,53.0,45.0,55.0,54.0,62.0,106.0,81.0,87.0,87.0,72.0,test2
187,379.0,123.0,120.0,293.0,227.0,167.0,266.0,1126.0,70.0,856.0,62.0,174.0,247.0,791.0,277.0,201.0,380.0,277.0,213.0,323.0,132.0,962.0,143.0,264.0,338.0,345.0,51.0,65.0,81.0,87.0,49.0,46.0,56.0,55.0,61.0,105.0,81.0,89.0,91.0,73.0,67.0,91.0,test2
188,228.0,172.0,243.0,361.0,63.0,136.0,129.0,898.0,256.0,1415.0,217.0,222.0,399.0,177.0,133.0,294.0,415.0,122.0,243.0,211.0,347.0,1490.0,288.0,317.0,458.0,232.0,50.0,43.0,51.0,54.0,58.0,107.0,81.0,89.0,90.0,74.0,71.0,94.0,59.0,90.0,98.0,68.0,test2
189,242.0,393.0,65.0,109.0,104.0,160.0,274.0,1433.0,266.0,928.0,359.0,95.0,113.0,409.0,260.0,122.0,214.0,182.0,250.0,366.0,337.0,1022.0,418.0,188.0,215.0,317.0,53.0,53.0,57.0,105.0,77.0,90.0,91.0,75.0,70.0,93.0,59.0,92.0,102.0,69.0,56.0,69.0,test2
190,260.0,213.0,403.0,54.0,115.0,313.0,267.0,861.0,1039.0,1103.0,97.0,101.0,120.0,235.0,327.0,457.0,145.0,214.0,385.0,328.0,1086.0,1178.0,173.0,176.0,186.0,408.0,68.0,92.0,54.0,91.0,98.0,72.0,60.0,72.0,46.0,74.0,76.0,74.0,66.0,87.0,80.0,86.0,test2
191,402.0,86.0,117.0,286.0,242.0,123.0,1057.0,1121.0,146.0,807.0,80.0,153.0,307.0,12708.0,404.0,214.0,356.0,299.0,196.0,1105.0,222.0,881.0,146.0,243.0,391.0,466.0,56.0,90.0,97.0,70.0,56.0,73.0,47.0,75.0,75.0,73.0,66.0,89.0,84.0,87.0,61.0,66.0,test2
192,243.0,128.0,1034.0,356.0,139.0,87.0,147.0,877.0,316.0,13332.0,344.0,213.0,445.0,187.0,141.0,1076.0,430.0,212.0,162.0,214.0,400.0,13421.0,409.0,283.0,533.0,209.0,57.0,70.0,42.0,74.0,72.0,75.0,66.0,89.0,83.0,88.0,65.0,69.0,88.0,87.0,67.0,81.0,test2
193,1033.0,388.0,141.0,60.0,122.0,139.0,334.0,13350.0,393.0,919.0,405.0,105.0,121.0,362.0,343.0,212.0,133.0,185.0,229.0,419.0,458.0,988.0,493.0,195.0,192.0,432.0,44.0,73.0,71.0,73.0,62.0,90.0,84.0,89.0,64.0,68.0,88.0,89.0,71.0,82.0,88.0,47.0,test2
194,387.0,204.0,449.0,64.0,123.0,266.0,350.0,877.0,207.0,1073.0,65.0,94.0,108.0,280.0,373.0,532.0,152.0,191.0,351.0,443.0,291.0,1150.0,150.0,185.0,196.0,418.0,62.0,67.0,83.0,88.0,67.0,85.0,92.0,50.0,83.0,76.0,85.0,90.0,88.0,72.0,44.0,79.0,test2
195,448.0,96.0,125.0,239.0,325.0,139.0,225.0,1091.0,114.0,800.0,68.0,198.0,353.0,742.0,285.0,191.0,322.0,414.0,190.0,310.0,199.0,890.0,156.0,273.0,401.0,369.0,85.0,87.0,66.0,83.0,88.0,51.0,84.0,77.0,84.0,89.0,88.0,74.0,48.0,80.0,83.0,68.0,test2
196,326.0,144.0,202.0,326.0,107.0,80.0,135.0,922.0,362.0,1366.0,225.0,205.0,381.0,187.0,150.0,281.0,402.0,189.0,171.0,224.0,410.0,1448.0,312.0,277.0,450.0,229.0,89.0,48.0,79.0,76.0,81.0,91.0,88.0,74.0,47.0,81.0,87.0,71.0,69.0,64.0,78.0,72.0,test2
197,201.0,358.0,109.0,53.0,110.0,184.0,380.0,1384.0,274.0,911.0,341.0,105.0,130.0,373.0,266.0,189.0,142.0,195.0,259.0,429.0,361.0,982.0,410.0,172.0,212.0,346.0,81.0,75.0,80.0,89.0,84.0,75.0,48.0,82.0,86.0,70.0,69.0,66.0,82.0,73.0,79.0,80.0,test2
198,268.0,196.0,385.0,64.0,132.0,277.0,273.0,849.0,232.0,1091.0,52.0,147.0,60.0,287.0,293.0,449.0,129.0,211.0,353.0,357.0,286.0,1152.0,146.0,232.0,128.0,341.0,84.0,69.0,64.0,65.0,78.0,76.0,83.0,83.0,53.0,60.0,94.0,84.0,68.0,75.0,47.0,72.0,test2
199,384.0,96.0,134.0,250.0,248.0,111.0,250.0,1109.0,101.0,853.0,20.0,205.0,273.0,625.0,299.0,211.0,324.0,328.0,195.0,305.0,195.0,937.0,88.0,283.0,324.0,362.0,66.0,64.0,77.0,74.0,79.0,84.0,54.0,61.0,93.0,83.0,68.0,77.0,51.0,73.0,62.0,66.0,test2
200,662.0,1007.0,1207.0,231.0,345.0,677.0,661.0,1289.0,371.0,1346.0,452.0,445.0,410.0,647.0,684.0,1277.0,326.0,431.0,753.0,739.0,452.0,1398.0,532.0,524.0,471.0,728.0,75.0,74.0,70.0,95.0,85.0,76.0,77.0,86.0,80.0,51.0,80.0,78.0,61.0,72.0,43.0,79.0,test1
201,1206.0,263.0,347.0,650.0,636.0,551.0,389.0,1364.0,501.0,1151.0,370.0,565.0,664.0,1455.0,1691.0,431.0,724.0,710.0,638.0,471.0,581.0,1229.0,431.0,640.0,711.0,1758.0,72.0,94.0,84.0,74.0,73.0,87.0,81.0,52.0,79.0,77.0,61.0,74.0,47.0,80.0,66.0,94.0,test1
202,637.0,556.0,366.0,599.0,494.0,431.0,437.0,1289.0,673.0,2079.0,1631.0,1110.0,607.0,326.0,363.0,442.0,650.0,571.0,510.0,499.0,720.0,2161.0,1701.0,1208.0,688.0,438.0,74.0,84.0,76.0,51.0,76.0,79.0,61.0,74.0,46.0,81.0,70.0,97.0,81.0,94.0,74.0,47.0,test1
203,365.0,631.0,496.0,404.0,412.0,551.0,691.0,2097.0,1680.0,1816.0,567.0,244.0,343.0,591.0,573.0,571.0,481.0,470.0,626.0,739.0,1750.0,1913.0,648.0,341.0,421.0,669.0,78.0,50.0,75.0,77.0,57.0,75.0,47.0,82.0,69.0,96.0,81.0,96.0,78.0,48.0,95.0,74.0,test1
204,1674.0,1101.0,611.0,203.0,345.0,495.0,580.0,1299.0,418.0,1243.0,427.0,430.0,273.0,526.0,669.0,687.0,298.0,420.0,546.0,680.0,495.0,1313.0,571.0,498.0,347.0,741.0,67.0,95.0,76.0,95.0,74.0,51.0,99.0,77.0,76.0,69.0,144.0,67.0,74.0,75.0,71.0,86.0,test1
205,610.0,235.0,347.0,468.0,555.0,561.0,436.0,1261.0,476.0,1136.0,233.0,444.0,649.0,1121.0,436.0,420.0,517.0,651.0,639.0,514.0,620.0,1203.0,307.0,522.0,724.0,521.0,78.0,94.0,73.0,49.0,95.0,78.0,77.0,70.0,143.0,66.0,74.0,77.0,75.0,87.0,84.0,69.0,test1
206,556.0,566.0,413.0,496.0,469.0,416.0,300.0,1168.0,658.0,1745.0,376.0,418.0,612.0,449.0,301.0,485.0,565.0,610.0,484.0,375.0,733.0,1834.0,464.0,491.0,688.0,387.0,96.0,75.0,72.0,69.0,140.0,68.0,74.0,77.0,74.0,88.0,88.0,72.0,76.0,74.0,85.0,69.0,test1
207,412.0,528.0,471.0,389.0,275.0,430.0,676.0,1763.0,425.0,1124.0,572.0,367.0,281.0,1659.0,692.0,610.0,455.0,346.0,508.0,752.0,513.0,1196.0,648.0,444.0,370.0,744.0,74.0,68.0,139.0,66.0,70.0,78.0,75.0,89.0,87.0,71.0,76.0,76.0,89.0,70.0,51.0,91.0,test1
208,419.0,409.0,616.0,326.0,283.0,1563.0,699.0,1241.0,360.0,1242.0,251.0,368.0,287.0,550.0,650.0,687.0,401.0,369.0,1636.0,755.0,432.0,1313.0,339.0,453.0,362.0,723.0,85.0,70.0,71.0,75.0,85.0,73.0,55.0,94.0,71.0,70.0,88.0,84.0,75.0,77.0,72.0,58.0,test1
209,615.0,358.0,285.0,1536.0,674.0,503.0,378.0,1260.0,300.0,1074.0,247.0,468.0,630.0,949.0,481.0,369.0,1607.0,726.0,598.0,451.0,388.0,1158.0,322.0,548.0,706.0,561.0,73.0,74.0,84.0,71.0,51.0,95.0,72.0,71.0,87.0,83.0,75.0,79.0,76.0,59.0,79.0,125.0,test1
210,675.0,508.0,355.0,495.0,293.0,354.0,314.0,1192.0,639.0,1573.0,421.0,440.0,601.0,354.0,272.0,422.0,565.0,378.0,439.0,390.0,715.0,1634.0,504.0,569.0,666.0,372.0,52.0,92.0,67.0,70.0,84.0,85.0,75.0,79.0,75.0,60.0,83.0,128.0,65.0,108.0,99.0,41.0,test1
211,354.0,527.0,295.0,327.0,289.0,454.0,657.0,1591.0,470.0,1146.0,561.0,272.0,252.0,689.0,660.0,378.0,410.0,361.0,534.0,734.0,553.0,1274.0,626.0,383.0,355.0,730.0,69.0,69.0,83.0,83.0,71.0,80.0,76.0,61.0,82.0,127.0,65.0,110.0,103.0,42.0,69.0,112.0,test1
212,464.0,431.0,605.0,231.0,254.0,593.0,667.0,1437.0,365.0,1267.0,351.0,370.0,383.0,652.0,855.0,665.0,340.0,354.0,638.0,741.0,450.0,1340.0,443.0,455.0,452.0,926.0,80.0,126.0,60.0,109.0,99.0,45.0,73.0,115.0,84.0,72.0,92.0,84.0,69.0,76.0,70.0,92.0,test1
213,604.0,263.0,256.0,566.0,642.0,699.0,383.0,1285.0,400.0,1076.0,343.0,570.0,835.0,1127.0,580.0,354.0,609.0,712.0,815.0,469.0,492.0,1160.0,412.0,649.0,909.0,680.0,62.0,108.0,98.0,43.0,69.0,116.0,85.0,73.0,91.0,83.0,69.0,78.0,74.0,93.0,99.0,80.0,test1
214,643.0,704.0,360.0,520.0,393.0,356.0,410.0,1294.0,844.0,1751.0,520.0,503.0,738.0,526.0,306.0,440.0,592.0,482.0,441.0,480.0,918.0,1846.0,623.0,587.0,837.0,404.0,70.0,113.0,80.0,72.0,88.0,85.0,69.0,78.0,73.0,94.0,103.0,83.0,99.0,55.0,97.0,93.0,test1
215,359.0,552.0,395.0,329.0,385.0,556.0,862.0,1769.0,569.0,1209.0,698.0,444.0,286.0,1394.0,655.0,482.0,412.0,451.0,635.0,937.0,672.0,1292.0,797.0,502.0,387.0,735.0,82.0,71.0,87.0,83.0,65.0,79.0,74.0,95.0,102.0,82.0,99.0,57.0,101.0,94.0,79.0,95.0,test1
216,563.0,494.0,742.0,403.0,288.0,1298.0,662.0,1407.0,359.0,1290.0,351.0,303.0,457.0,564.0,714.0,836.0,459.0,386.0,1395.0,746.0,470.0,1369.0,441.0,382.0,514.0,774.0,100.0,81.0,94.0,56.0,97.0,97.0,83.0,98.0,110.0,78.0,90.0,78.0,57.0,107.0,59.0,86.0,test1
217,741.0,435.0,290.0,1271.0,637.0,669.0,377.0,1308.0,400.0,1009.0,417.0,482.0,694.0,975.0,685.0,386.0,1366.0,717.0,768.0,489.0,490.0,1087.0,474.0,592.0,757.0,792.0,96.0,55.0,96.0,95.0,79.0,99.0,111.0,79.0,89.0,77.0,57.0,109.0,63.0,87.0,106.0,86.0,test1
218,638.0,674.0,354.0,543.0,393.0,289.0,484.0,1206.0,703.0,1599.0,625.0,468.0,800.0,512.0,296.0,460.0,621.0,480.0,368.0,542.0,766.0,1688.0,735.0,558.0,905.0,370.0,80.0,96.0,106.0,78.0,86.0,79.0,57.0,109.0,62.0,88.0,110.0,89.0,105.0,66.0,73.0,82.0,test1
219,353.0,575.0,395.0,262.0,459.0,468.0,721.0,1617.0,674.0,1174.0,760.0,430.0,276.0,716.0,663.0,480.0,339.0,513.0,578.0,785.0,784.0,1263.0,865.0,499.0,353.0,765.0,108.0,77.0,85.0,77.0,53.0,110.0,63.0,89.0,109.0,88.0,105.0,68.0,77.0,83.0,101.0,67.0,test1
220,668.0,459.0,804.0,389.0,278.0,620.0,670.0,1522.0,458.0,1286.0,395.0,328.0,357.0,607.0,616.0,904.0,456.0,352.0,706.0,776.0,555.0,1362.0,478.0,360.0,423.0,673.0,107.0,87.0,100.0,67.0,73.0,86.0,105.0,70.0,96.0,75.0,83.0,31.0,66.0,83.0,56.0,73.0,test1
221,803.0,421.0,280.0,593.0,645.0,784.0,476.0,1304.0,444.0,1034.0,317.0,525.0,596.0,1243.0,675.0,352.0,677.0,747.0,855.0,574.0,527.0,1065.0,383.0,611.0,656.0,758.0,102.0,66.0,72.0,84.0,101.0,71.0,97.0,76.0,82.0,30.0,66.0,85.0,60.0,74.0,82.0,80.0,test1
222,646.0,789.0,453.0,539.0,437.0,314.0,384.0,1249.0,605.0,1867.0,615.0,516.0,653.0,449.0,306.0,545.0,614.0,517.0,346.0,451.0,665.0,1943.0,701.0,600.0,763.0,407.0,102.0,68.0,92.0,75.0,79.0,32.0,66.0,85.0,59.0,75.0,86.0,83.0,110.0,90.0,100.0,111.0,test1
223,452.0,571.0,439.0,287.0,359.0,511.0,623.0,1885.0,664.0,1222.0,613.0,367.0,286.0,651.0,620.0,517.0,317.0,422.0,597.0,684.0,750.0,1305.0,723.0,460.0,390.0,714.0,94.0,74.0,78.0,30.0,62.0,86.0,60.0,76.0,85.0,82.0,110.0,92.0,104.0,112.0,93.0,92.0,test1
224,658.0,507.0,657.0,326.0,288.0,555.0,627.0,1309.0,345.0,1272.0,294.0,229.0,302.0,536.0,612.0,762.0,417.0,389.0,670.0,725.0,437.0,1371.0,388.0,323.0,377.0,677.0,83.0,81.0,105.0,91.0,100.0,115.0,97.0,95.0,91.0,98.0,94.0,93.0,75.0,83.0,64.0,62.0,test1
225,656.0,358.0,290.0,528.0,602.0,571.0,363.0,1290.0,343.0,935.0,262.0,454.0,592.0,1035.0,555.0,389.0,641.0,696.0,667.0,456.0,437.0,1028.0,337.0,540.0,660.0,638.0,107.0,90.0,99.0,113.0,93.0,96.0,92.0,99.0,93.0,92.0,75.0,85.0,68.0,63.0,82.0,98.0,test1
226,603.0,576.0,340.0,525.0,336.0,215.0,329.0,1178.0,601.0,1659.0,495.0,429.0,671.0,409.0,435.0,427.0,623.0,427.0,309.0,405.0,669.0,1724.0,581.0,531.0,760.0,521.0,94.0,93.0,87.0,98.0,90.0,94.0,75.0,85.0,67.0,64.0,86.0,101.0,89.0,96.0,85.0,47.0,test1
227,339.0,557.0,338.0,188.0,304.0,440.0,619.0,1677.0,544.0,1135.0,631.0,327.0,415.0,995.0,727.0,427.0,280.0,376.0,526.0,688.0,630.0,1236.0,720.0,426.0,504.0,806.0,89.0,97.0,89.0,92.0,71.0,86.0,68.0,65.0,85.0,100.0,89.0,98.0,89.0,48.0,78.0,78.0,test1
228,538.0,420.0,675.0,286.0,417.0,899.0,734.0,1298.0,409.0,1287.0,360.0,1213.0,919.0,616.0,694.0,759.0,383.0,503.0,950.0,817.0,467.0,1355.0,445.0,1276.0,1005.0,778.0,83.0,99.0,84.0,97.0,85.0,51.0,82.0,81.0,57.0,67.0,85.0,62.0,86.0,100.0,83.0,91.0,test1
229,674.0,318.0,419.0,872.0,709.0,560.0,427.0,1305.0,409.0,1919.0,879.0,534.0,674.0,1080.0,801.0,503.0,921.0,788.0,642.0,486.0,494.0,1981.0,965.0,637.0,761.0,863.0,86.0,96.0,84.0,49.0,78.0,82.0,58.0,68.0,84.0,61.0,86.0,102.0,87.0,92.0,61.0,65.0,test1
230,710.0,565.0,404.0,540.0,402.0,1199.0,946.0,1258.0,683.0,1704.0,741.0,526.0,681.0,457.0,912.0,457.0,607.0,484.0,1262.0,1033.0,770.0,1798.0,806.0,595.0,773.0,993.0,79.0,79.0,53.0,67.0,81.0,63.0,86.0,102.0,86.0,93.0,65.0,68.0,92.0,72.0,80.0,59.0,test1
231,403.0,572.0,404.0,1172.0,921.0,520.0,701.0,1722.0,790.0,1232.0,641.0,375.0,892.0,780.0,985.0,484.0,1233.0,1004.0,623.0,789.0,855.0,1300.0,733.0,450.0,976.0,1054.0,55.0,66.0,80.0,61.0,82.0,103.0,87.0,94.0,64.0,67.0,92.0,74.0,84.0,60.0,68.0,100.0,test1
232,784.0,517.0,685.0,334.0,894.0,684.0,992.0,1586.0,390.0,1227.0,274.0,408.0,303.0,561.0,649.0,772.0,407.0,975.0,747.0,1065.0,477.0,1322.0,347.0,493.0,402.0,706.0,62.0,66.0,87.0,73.0,80.0,63.0,72.0,103.0,86.0,94.0,73.0,84.0,99.0,67.0,56.0,62.0,test1
233,684.0,366.0,896.0,657.0,967.0,848.0,408.0,1245.0,323.0,1114.0,263.0,479.0,629.0,1376.0,665.0,975.0,718.0,1036.0,952.0,496.0,396.0,1198.0,362.0,549.0,689.0,735.0,89.0,72.0,79.0,61.0,68.0,104.0,87.0,95.0,72.0,83.0,99.0,69.0,60.0,63.0,69.0,93.0,test1
234,968.0,853.0,385.0,480.0,316.0,394.0,330.0,1203.0,638.0,2000.0,605.0,540.0,718.0,450.0,340.0,467.0,574.0,386.0,479.0,430.0,698.0,2065.0,678.0,637.0,798.0,432.0,69.0,101.0,82.0,94.0,69.0,85.0,99.0,69.0,59.0,64.0,73.0,96.0,80.0,110.0,91.0,68.0,test1
235,384.0,512.0,318.0,367.0,305.0,465.0,656.0,2018.0,654.0,1246.0,678.0,368.0,320.0,1347.0,635.0,386.0,450.0,401.0,535.0,717.0,727.0,1342.0,758.0,481.0,415.0,728.0,84.0,93.0,68.0,83.0,95.0,70.0,60.0,65.0,72.0,95.0,80.0,112.0,95.0,69.0,92.0,76.0,test1
236,648.0,531.0,722.0,327.0,322.0,1251.0,642.0,1267.0,424.0,1286.0,365.0,343.0,332.0,608.0,648.0,797.0,438.0,414.0,1323.0,739.0,521.0,1374.0,439.0,392.0,430.0,714.0,70.0,94.0,75.0,111.0,91.0,72.0,96.0,79.0,96.0,87.0,74.0,48.0,98.0,73.0,65.0,70.0,test1
237,721.0,359.0,324.0,1224.0,617.0,529.0,442.0,1304.0,414.0,1049.0,292.0,526.0,628.0,935.0,555.0,414.0,1294.0,710.0,609.0,540.0,488.0,1097.0,390.0,602.0,697.0,617.0,77.0,110.0,90.0,70.0,92.0,80.0,97.0,88.0,73.0,47.0,98.0,75.0,69.0,71.0,61.0,75.0,test1
238,618.0,534.0,419.0,539.0,407.0,329.0,359.0,1250.0,637.0,1559.0,495.0,420.0,655.0,447.0,345.0,511.0,626.0,478.0,378.0,458.0,706.0,1632.0,560.0,499.0,767.0,438.0,93.0,77.0,92.0,87.0,70.0,49.0,98.0,75.0,68.0,72.0,65.0,78.0,112.0,86.0,92.0,85.0,test1
239,418.0,571.0,409.0,302.0,334.0,512.0,655.0,1577.0,544.0,1126.0,615.0,365.0,325.0,695.0,746.0,478.0,349.0,429.0,588.0,725.0,609.0,1204.0,727.0,454.0,421.0,834.0,94.0,86.0,69.0,47.0,94.0,76.0,69.0,73.0,64.0,77.0,112.0,88.0,96.0,86.0,87.0,72.0,test1
240,538.0,411.0,659.0,324.0,327.0,599.0,753.0,1389.0,419.0,1215.0,340.0,331.0,372.0,589.0,639.0,766.0,411.0,420.0,688.0,845.0,513.0,1291.0,442.0,419.0,442.0,699.0,62.0,76.0,107.0,87.0,92.0,89.0,91.0,75.0,93.0,75.0,102.0,87.0,70.0,80.0,59.0,86.0,test1
241,658.0,356.0,329.0,572.0,728.0,651.0,437.0,1233.0,389.0,1037.0,332.0,507.0,619.0,989.0,636.0,420.0,659.0,816.0,727.0,532.0,491.0,1124.0,402.0,590.0,682.0,749.0,109.0,86.0,91.0,87.0,87.0,76.0,94.0,76.0,101.0,86.0,70.0,82.0,63.0,87.0,112.0,74.0,test1
242,729.0,656.0,414.0,468.0,382.0,317.0,399.0,1231.0,628.0,1613.0,576.0,364.0,578.0,375.0,296.0,503.0,543.0,481.0,405.0,470.0,691.0,1702.0,692.0,442.0,663.0,395.0,88.0,73.0,89.0,75.0,98.0,88.0,70.0,82.0,62.0,88.0,116.0,77.0,85.0,110.0,98.0,54.0,test1
243,413.0,500.0,384.0,290.0,374.0,493.0,646.0,1631.0,625.0,1070.0,538.0,293.0,276.0,649.0,635.0,481.0,376.0,441.0,576.0,710.0,741.0,1147.0,623.0,406.0,378.0,715.0,91.0,74.0,97.0,86.0,66.0,83.0,63.0,89.0,115.0,76.0,85.0,112.0,102.0,55.0,79.0,130.0,test1
244,619.0,355.0,582.0,252.0,278.0,553.0,642.0,1350.0,371.0,1321.0,410.0,243.0,356.0,634.0,530.0,662.0,363.0,377.0,611.0,726.0,462.0,1421.0,508.0,310.0,448.0,581.0,113.0,75.0,80.0,111.0,98.0,58.0,83.0,133.0,90.0,99.0,98.0,66.0,92.0,95.0,50.0,76.0,test1
245,581.0,284.0,280.0,526.0,617.0,612.0,389.0,1339.0,459.0,949.0,316.0,552.0,510.0,1392.0,542.0,377.0,582.0,697.0,746.0,481.0,557.0,1015.0,408.0,650.0,564.0,599.0,82.0,110.0,97.0,56.0,79.0,134.0,91.0,100.0,97.0,65.0,92.0,97.0,54.0,77.0,56.0,97.0,test1
246,618.0,617.0,366.0,574.0,452.0,229.0,383.0,1276.0,519.0,2016.0,482.0,478.0,698.0,426.0,281.0,452.0,673.0,547.0,296.0,476.0,573.0,2095.0,542.0,579.0,797.0,361.0,80.0,131.0,86.0,99.0,94.0,67.0,92.0,97.0,53.0,78.0,60.0,100.0,99.0,74.0,79.0,82.0,test1
247,365.0,606.0,454.0,202.0,358.0,538.0,537.0,2034.0,531.0,1184.0,658.0,344.0,261.0,672.0,808.0,547.0,267.0,447.0,636.0,592.0,591.0,1284.0,757.0,421.0,344.0,921.0,88.0,98.0,93.0,65.0,88.0,98.0,54.0,79.0,59.0,99.0,99.0,76.0,83.0,83.0,112.0,90.0,test1
248,525.0,469.0,702.0,303.0,263.0,576.0,815.0,1275.0,358.0,1543.0,403.0,297.0,303.0,1594.0,895.0,796.0,378.0,343.0,662.0,932.0,459.0,1638.0,476.0,395.0,380.0,952.0,57.0,98.0,94.0,75.0,79.0,86.0,116.0,93.0,100.0,94.0,73.0,97.0,77.0,90.0,56.0,83.0,test1
249,701.0,335.0,265.0,549.0,790.0,537.0,376.0,1561.0,452.0,1003.0,263.0,1512.0,875.0,1342.0,685.0,343.0,633.0,903.0,631.0,478.0,525.0,1100.0,340.0,1605.0,935.0,792.0,96.0,74.0,78.0,84.0,112.0,94.0,101.0,95.0,72.0,96.0,77.0,92.0,60.0,84.0,106.0,105.0,test1
