ID,f1,f2,f3,f4,f5,f6,f7,f8,f9,f10,f11,f12,f13,f14,f15,dd3,dd4,dd5,dd6,dd7,dd9,dd10,dd11,dd12,dd13,dd15,duLN1,du.2,duLN3,dut4,dui5,due6,duLN7,du58,duLN9,duSH10,dur11,duo12,dua13,dun14,dul15,duDO16,UUID
0,1420.0,614.0,926.0,170.0,799.0,366.0,340.0,311.0,255.0,597.0,468.0,410.0,227.0,226.0,240.0,1005.0,236.0,882.0,432.0,438.0,310.0,666.0,536.0,494.0,310.0,309.0,81.0,55.0,79.0,66.0,83.0,66.0,98.0,70.0,55.0,69.0,68.0,84.0,83.0,69.0,69.0,98.0,test4
1,926.0,170.0,799.0,366.0,340.0,311.0,255.0,597.0,468.0,410.0,227.0,226.0,240.0,1178.0,411.0,882.0,432.0,438.0,381.0,310.0,536.0,494.0,310.0,295.0,309.0,451.0,79.0,66.0,83.0,66.0,98.0,70.0,55.0,69.0,68.0,84.0,83.0,69.0,69.0,98.0,40.0,69.0,test4
2,340.0,311.0,255.0,597.0,468.0,410.0,227.0,226.0,240.0,1178.0,411.0,168.0,383.0,169.0,212.0,310.0,666.0,536.0,494.0,310.0,309.0,1276.0,451.0,237.0,467.0,240.0,98.0,70.0,55.0,69.0,68.0,84.0,83.0,69.0,69.0,98.0,40.0,69.0,84.0,55.0,28.0,41.0,test4
3,255.0,597.0,468.0,410.0,227.0,226.0,240.0,1178.0,411.0,168.0,383.0,169.0,212.0,241.0,369.0,536.0,494.0,310.0,295.0,309.0,451.0,237.0,467.0,224.0,240.0,452.0,55.0,69.0,68.0,84.0,83.0,69.0,69.0,98.0,40.0,69.0,84.0,55.0,28.0,41.0,83.0,69.0,test4
4,411.0,168.0,383.0,169.0,212.0,241.0,369.0,367.0,212.0,397.0,268.0,169.0,184.0,253.0,169.0,467.0,224.0,240.0,282.0,452.0,296.0,452.0,324.0,225.0,282.0,211.0,40.0,69.0,84.0,55.0,28.0,41.0,83.0,69.0,84.0,55.0,56.0,56.0,98.0,83.0,42.0,69.0,test4
5,383.0,169.0,212.0,241.0,369.0,367.0,212.0,397.0,268.0,169.0,184.0,253.0,169.0,837.0,382.0,240.0,282.0,452.0,436.0,296.0,324.0,225.0,282.0,336.0,211.0,479.0,84.0,55.0,28.0,41.0,83.0,69.0,84.0,55.0,56.0,56.0,98.0,83.0,42.0,69.0,97.0,70.0,test4
6,369.0,367.0,212.0,397.0,268.0,169.0,184.0,253.0,169.0,837.0,382.0,396.0,540.0,156.0,283.0,296.0,452.0,324.0,225.0,282.0,211.0,906.0,479.0,466.0,637.0,352.0,83.0,69.0,84.0,55.0,56.0,56.0,98.0,83.0,42.0,69.0,97.0,70.0,97.0,54.0,69.0,28.0,test4
7,212.0,397.0,268.0,169.0,184.0,253.0,169.0,837.0,382.0,396.0,540.0,156.0,283.0,482.0,383.0,324.0,225.0,282.0,336.0,211.0,479.0,466.0,637.0,210.0,352.0,467.0,84.0,55.0,56.0,56.0,98.0,83.0,42.0,69.0,97.0,70.0,97.0,54.0,69.0,28.0,84.0,41.0,test4
8,382.0,396.0,540.0,156.0,283.0,482.0,383.0,326.0,254.0,341.0,383.0,240.0,141.0,268.0,198.0,637.0,210.0,352.0,510.0,467.0,337.0,396.0,452.0,281.0,224.0,253.0,97.0,70.0,97.0,54.0,69.0,28.0,84.0,41.0,83.0,55.0,69.0,41.0,83.0,70.0,55.0,41.0,test4
9,540.0,156.0,283.0,482.0,383.0,326.0,254.0,341.0,383.0,240.0,141.0,268.0,198.0,752.0,297.0,352.0,510.0,467.0,367.0,337.0,452.0,281.0,224.0,338.0,253.0,380.0,97.0,54.0,69.0,28.0,84.0,41.0,83.0,55.0,69.0,41.0,83.0,70.0,55.0,41.0,83.0,69.0,test4
10,383.0,326.0,254.0,341.0,383.0,240.0,141.0,268.0,198.0,752.0,297.0,182.0,440.0,155.0,397.0,337.0,396.0,452.0,281.0,224.0,253.0,793.0,380.0,251.0,510.0,438.0,84.0,41.0,83.0,55.0,69.0,41.0,83.0,70.0,55.0,41.0,83.0,69.0,70.0,83.0,41.0,70.0,test4
11,254.0,341.0,383.0,240.0,141.0,268.0,198.0,752.0,297.0,182.0,440.0,155.0,397.0,211.0,368.0,452.0,281.0,224.0,338.0,253.0,380.0,251.0,510.0,238.0,438.0,479.0,83.0,55.0,69.0,41.0,83.0,70.0,55.0,41.0,83.0,69.0,70.0,83.0,41.0,70.0,111.0,70.0,test4
12,297.0,182.0,440.0,155.0,397.0,211.0,368.0,311.0,268.0,354.0,410.0,296.0,368.0,183.0,495.0,510.0,238.0,438.0,281.0,479.0,337.0,438.0,480.0,352.0,452.0,565.0,83.0,69.0,70.0,83.0,41.0,70.0,111.0,70.0,69.0,84.0,70.0,56.0,84.0,83.0,70.0,70.0,test4
13,440.0,155.0,397.0,211.0,368.0,311.0,268.0,354.0,410.0,296.0,368.0,183.0,495.0,126.0,539.0,438.0,281.0,479.0,381.0,337.0,480.0,352.0,452.0,266.0,565.0,622.0,70.0,83.0,41.0,70.0,111.0,70.0,69.0,84.0,70.0,56.0,84.0,83.0,70.0,70.0,83.0,83.0,test4
14,368.0,311.0,268.0,354.0,410.0,296.0,368.0,183.0,495.0,126.0,539.0,168.0,467.0,297.0,198.0,337.0,438.0,480.0,352.0,452.0,565.0,196.0,622.0,251.0,509.0,267.0,111.0,70.0,69.0,84.0,70.0,56.0,84.0,83.0,70.0,70.0,83.0,83.0,42.0,84.0,69.0,69.0,test4
15,268.0,354.0,410.0,296.0,368.0,183.0,495.0,126.0,539.0,168.0,467.0,297.0,198.0,525.0,396.0,480.0,352.0,452.0,266.0,565.0,622.0,251.0,509.0,381.0,267.0,465.0,69.0,84.0,70.0,56.0,84.0,83.0,70.0,70.0,83.0,83.0,42.0,84.0,69.0,69.0,69.0,55.0,test4
16,396.0,169.0,384.0,240.0,169.0,297.0,325.0,339.0,169.0,312.0,368.0,241.0,183.0,239.0,198.0,467.0,295.0,196.0,381.0,381.0,238.0,409.0,438.0,324.0,238.0,268.0,69.0,55.0,83.0,55.0,27.0,84.0,56.0,70.0,69.0,97.0,70.0,83.0,55.0,84.0,70.0,69.0,test4
17,384.0,240.0,169.0,297.0,325.0,339.0,169.0,312.0,368.0,241.0,183.0,239.0,198.0,609.0,339.0,196.0,381.0,381.0,409.0,238.0,438.0,324.0,238.0,323.0,268.0,436.0,83.0,55.0,27.0,84.0,56.0,70.0,69.0,97.0,70.0,83.0,55.0,84.0,70.0,69.0,97.0,55.0,test4
18,325.0,339.0,169.0,312.0,368.0,241.0,183.0,239.0,198.0,609.0,339.0,197.0,368.0,112.0,154.0,238.0,409.0,438.0,324.0,238.0,268.0,678.0,436.0,252.0,437.0,224.0,56.0,70.0,69.0,97.0,70.0,83.0,55.0,84.0,70.0,69.0,97.0,55.0,69.0,42.0,70.0,84.0,test4
19,169.0,312.0,368.0,241.0,183.0,239.0,198.0,609.0,339.0,197.0,368.0,112.0,154.0,311.0,397.0,438.0,324.0,238.0,323.0,268.0,436.0,252.0,437.0,154.0,224.0,480.0,69.0,97.0,70.0,83.0,55.0,84.0,70.0,69.0,97.0,55.0,69.0,42.0,70.0,84.0,83.0,41.0,test4
20,339.0,197.0,368.0,112.0,154.0,311.0,397.0,298.0,212.0,454.0,397.0,240.0,452.0,268.0,197.0,437.0,154.0,224.0,395.0,480.0,267.0,509.0,466.0,295.0,522.0,253.0,97.0,55.0,69.0,42.0,70.0,84.0,83.0,41.0,55.0,55.0,69.0,55.0,70.0,84.0,56.0,69.0,test4
21,368.0,112.0,154.0,311.0,397.0,298.0,212.0,454.0,397.0,240.0,452.0,268.0,197.0,822.0,567.0,224.0,395.0,480.0,339.0,267.0,466.0,295.0,522.0,352.0,253.0,609.0,69.0,42.0,70.0,84.0,83.0,41.0,55.0,55.0,69.0,55.0,70.0,84.0,56.0,69.0,42.0,69.0,test4
22,397.0,298.0,212.0,454.0,397.0,240.0,452.0,268.0,197.0,822.0,567.0,224.0,440.0,140.0,155.0,267.0,509.0,466.0,295.0,522.0,253.0,891.0,609.0,293.0,496.0,225.0,83.0,41.0,55.0,55.0,69.0,55.0,70.0,84.0,56.0,69.0,42.0,69.0,56.0,69.0,70.0,97.0,test4
23,212.0,454.0,397.0,240.0,452.0,268.0,197.0,822.0,567.0,224.0,440.0,140.0,155.0,496.0,898.0,466.0,295.0,522.0,352.0,253.0,609.0,293.0,496.0,209.0,225.0,953.0,55.0,55.0,69.0,55.0,70.0,84.0,56.0,69.0,42.0,69.0,56.0,69.0,70.0,97.0,55.0,66.0,test4
24,567.0,224.0,440.0,140.0,155.0,496.0,898.0,353.0,253.0,382.0,538.0,154.0,240.0,211.0,184.0,496.0,209.0,225.0,593.0,953.0,323.0,438.0,580.0,209.0,324.0,254.0,42.0,69.0,56.0,69.0,70.0,97.0,55.0,66.0,70.0,56.0,42.0,55.0,84.0,84.0,70.0,55.0,test4
25,440.0,140.0,155.0,496.0,898.0,353.0,253.0,382.0,538.0,154.0,240.0,211.0,184.0,851.0,339.0,225.0,593.0,953.0,419.0,323.0,580.0,209.0,324.0,295.0,254.0,422.0,56.0,69.0,70.0,97.0,55.0,66.0,70.0,56.0,42.0,55.0,84.0,84.0,70.0,55.0,83.0,55.0,test4
26,898.0,353.0,253.0,382.0,538.0,154.0,240.0,211.0,184.0,851.0,339.0,197.0,411.0,197.0,127.0,323.0,438.0,580.0,209.0,324.0,254.0,906.0,422.0,252.0,494.0,183.0,55.0,66.0,70.0,56.0,42.0,55.0,84.0,84.0,70.0,55.0,83.0,55.0,83.0,28.0,56.0,69.0,test4
27,253.0,382.0,538.0,154.0,240.0,211.0,184.0,851.0,339.0,197.0,411.0,197.0,127.0,311.0,340.0,580.0,209.0,324.0,295.0,254.0,422.0,252.0,494.0,225.0,183.0,423.0,70.0,56.0,42.0,55.0,84.0,84.0,70.0,55.0,83.0,55.0,83.0,28.0,56.0,69.0,83.0,55.0,test4
28,339.0,197.0,411.0,197.0,127.0,311.0,340.0,339.0,340.0,355.0,339.0,240.0,255.0,211.0,183.0,494.0,225.0,183.0,380.0,423.0,410.0,424.0,408.0,296.0,296.0,225.0,83.0,55.0,83.0,28.0,56.0,69.0,83.0,55.0,70.0,69.0,69.0,56.0,41.0,55.0,42.0,56.0,test4
29,411.0,197.0,127.0,311.0,340.0,339.0,340.0,355.0,339.0,240.0,255.0,211.0,183.0,736.0,226.0,183.0,380.0,423.0,394.0,410.0,408.0,296.0,296.0,266.0,225.0,351.0,83.0,28.0,56.0,69.0,83.0,55.0,70.0,69.0,69.0,56.0,41.0,55.0,42.0,56.0,125.0,69.0,test4
30,340.0,339.0,340.0,355.0,339.0,240.0,255.0,211.0,183.0,736.0,226.0,169.0,454.0,269.0,354.0,410.0,424.0,408.0,296.0,296.0,225.0,792.0,351.0,238.0,523.0,423.0,83.0,55.0,70.0,69.0,69.0,56.0,41.0,55.0,42.0,56.0,125.0,69.0,69.0,41.0,69.0,55.0,test4
31,340.0,355.0,339.0,240.0,255.0,211.0,183.0,736.0,226.0,169.0,454.0,269.0,354.0,268.0,642.0,408.0,296.0,296.0,266.0,225.0,351.0,238.0,523.0,310.0,423.0,726.0,70.0,69.0,69.0,56.0,41.0,55.0,42.0,56.0,125.0,69.0,69.0,41.0,69.0,55.0,84.0,52.0,test4
32,226.0,169.0,454.0,269.0,354.0,268.0,642.0,224.0,211.0,368.0,410.0,225.0,84.0,226.0,183.0,523.0,310.0,423.0,323.0,726.0,281.0,452.0,480.0,337.0,182.0,280.0,125.0,69.0,69.0,41.0,69.0,55.0,84.0,52.0,70.0,84.0,70.0,112.0,98.0,98.0,97.0,97.0,test4
33,454.0,269.0,354.0,268.0,642.0,224.0,211.0,368.0,410.0,225.0,84.0,226.0,183.0,1704.0,425.0,423.0,323.0,726.0,276.0,281.0,480.0,337.0,182.0,324.0,280.0,452.0,69.0,41.0,69.0,55.0,84.0,52.0,70.0,84.0,70.0,112.0,98.0,98.0,97.0,97.0,27.0,55.0,test4
34,642.0,224.0,211.0,368.0,410.0,225.0,84.0,226.0,183.0,1704.0,425.0,198.0,397.0,510.0,557.0,281.0,452.0,480.0,337.0,182.0,280.0,1801.0,452.0,253.0,439.0,611.0,84.0,52.0,70.0,84.0,70.0,112.0,98.0,98.0,97.0,97.0,27.0,55.0,42.0,56.0,54.0,67.0,test4
35,211.0,368.0,410.0,225.0,84.0,226.0,183.0,1704.0,425.0,198.0,397.0,510.0,557.0,254.0,126.0,480.0,337.0,182.0,324.0,280.0,452.0,253.0,439.0,566.0,611.0,181.0,70.0,84.0,70.0,112.0,98.0,98.0,97.0,97.0,27.0,55.0,42.0,56.0,54.0,67.0,55.0,84.0,test4
36,425.0,198.0,397.0,510.0,557.0,254.0,126.0,254.0,298.0,382.0,311.0,1052.0,525.0,197.0,169.0,439.0,566.0,611.0,321.0,181.0,368.0,522.0,366.0,1122.0,620.0,238.0,27.0,55.0,42.0,56.0,54.0,67.0,55.0,84.0,70.0,140.0,55.0,70.0,95.0,69.0,69.0,84.0,test4
37,397.0,510.0,557.0,254.0,126.0,254.0,298.0,382.0,311.0,1052.0,525.0,197.0,169.0,183.0,240.0,611.0,321.0,181.0,338.0,368.0,366.0,1122.0,620.0,266.0,238.0,323.0,42.0,56.0,54.0,67.0,55.0,84.0,70.0,140.0,55.0,70.0,95.0,69.0,69.0,84.0,83.0,84.0,test4
38,298.0,382.0,311.0,1052.0,525.0,197.0,169.0,183.0,240.0,779.0,239.0,154.0,411.0,311.0,85.0,366.0,1122.0,620.0,266.0,238.0,323.0,863.0,337.0,280.0,467.0,155.0,70.0,140.0,55.0,70.0,95.0,69.0,69.0,84.0,83.0,84.0,98.0,126.0,56.0,41.0,70.0,83.0,test4
39,311.0,1052.0,525.0,197.0,169.0,183.0,240.0,779.0,239.0,154.0,411.0,311.0,85.0,310.0,369.0,620.0,266.0,238.0,267.0,323.0,337.0,280.0,467.0,352.0,155.0,424.0,55.0,70.0,95.0,69.0,69.0,84.0,83.0,84.0,98.0,126.0,56.0,41.0,70.0,83.0,55.0,84.0,test4
40,239.0,154.0,411.0,311.0,85.0,310.0,369.0,353.0,226.0,284.0,397.0,253.0,197.0,255.0,184.0,467.0,352.0,155.0,393.0,424.0,309.0,353.0,466.0,351.0,281.0,268.0,98.0,126.0,56.0,41.0,70.0,83.0,55.0,84.0,83.0,69.0,69.0,98.0,84.0,84.0,84.0,84.0,test4
41,411.0,311.0,85.0,310.0,369.0,353.0,226.0,284.0,397.0,253.0,197.0,255.0,184.0,723.0,266.0,155.0,393.0,424.0,437.0,309.0,466.0,351.0,281.0,339.0,268.0,349.0,56.0,41.0,70.0,83.0,55.0,84.0,83.0,69.0,69.0,98.0,84.0,84.0,84.0,84.0,83.0,70.0,test4
42,369.0,353.0,226.0,284.0,397.0,253.0,197.0,255.0,184.0,723.0,266.0,240.0,354.0,126.0,183.0,309.0,353.0,466.0,351.0,281.0,268.0,807.0,349.0,310.0,424.0,253.0,55.0,84.0,83.0,69.0,69.0,98.0,84.0,84.0,84.0,84.0,83.0,70.0,70.0,70.0,70.0,84.0,test4
43,226.0,284.0,397.0,253.0,197.0,255.0,184.0,723.0,266.0,240.0,354.0,126.0,183.0,353.0,325.0,466.0,351.0,281.0,339.0,268.0,349.0,310.0,424.0,196.0,253.0,395.0,83.0,69.0,69.0,98.0,84.0,84.0,84.0,84.0,83.0,70.0,70.0,70.0,70.0,84.0,70.0,83.0,test4
44,266.0,240.0,354.0,126.0,183.0,353.0,325.0,297.0,353.0,369.0,397.0,338.0,212.0,283.0,183.0,424.0,196.0,253.0,437.0,395.0,479.0,452.0,452.0,393.0,310.0,224.0,83.0,70.0,70.0,70.0,70.0,84.0,70.0,83.0,126.0,83.0,55.0,55.0,98.0,84.0,41.0,70.0,test4
45,354.0,126.0,183.0,353.0,325.0,297.0,353.0,369.0,397.0,338.0,212.0,283.0,183.0,780.0,325.0,253.0,437.0,395.0,380.0,479.0,452.0,393.0,310.0,367.0,224.0,408.0,70.0,70.0,70.0,84.0,70.0,83.0,126.0,83.0,55.0,55.0,98.0,84.0,41.0,70.0,83.0,69.0,test4
46,325.0,297.0,353.0,369.0,397.0,338.0,212.0,283.0,183.0,780.0,325.0,154.0,383.0,198.0,156.0,479.0,452.0,452.0,393.0,310.0,224.0,850.0,408.0,223.0,467.0,211.0,70.0,83.0,126.0,83.0,55.0,55.0,98.0,84.0,41.0,70.0,83.0,69.0,84.0,55.0,55.0,69.0,test4
47,353.0,369.0,397.0,338.0,212.0,283.0,183.0,780.0,325.0,154.0,383.0,198.0,156.0,354.0,312.0,452.0,393.0,310.0,367.0,224.0,408.0,223.0,467.0,253.0,211.0,381.0,126.0,83.0,55.0,55.0,98.0,84.0,41.0,70.0,83.0,69.0,84.0,55.0,55.0,69.0,69.0,55.0,test4
48,325.0,154.0,383.0,198.0,156.0,354.0,312.0,369.0,269.0,369.0,425.0,154.0,127.0,211.0,197.0,467.0,253.0,211.0,423.0,381.0,324.0,452.0,508.0,238.0,239.0,267.0,83.0,69.0,84.0,55.0,55.0,69.0,69.0,55.0,55.0,83.0,83.0,84.0,112.0,98.0,70.0,56.0,test4
49,383.0,198.0,156.0,354.0,312.0,369.0,269.0,369.0,425.0,154.0,127.0,211.0,197.0,878.0,212.0,211.0,423.0,381.0,424.0,324.0,508.0,238.0,239.0,309.0,267.0,281.0,84.0,55.0,55.0,69.0,69.0,55.0,55.0,83.0,83.0,84.0,112.0,98.0,70.0,56.0,69.0,69.0,test4
50,535.0,265.0,1000.0,662.0,788.0,1268.0,1423.0,732.0,1777.0,1113.0,844.0,733.0,1748.0,604.0,647.0,1097.0,745.0,871.0,1365.0,1534.0,1860.0,1210.0,969.0,830.0,1873.0,786.0,82.0,97.0,97.0,83.0,83.0,97.0,111.0,69.0,83.0,97.0,125.0,97.0,125.0,97.0,139.0,97.0,test5
51,1000.0,662.0,788.0,1268.0,1423.0,732.0,1777.0,1113.0,844.0,733.0,1748.0,604.0,647.0,477.0,478.0,871.0,1365.0,1534.0,801.0,1860.0,969.0,830.0,1873.0,701.0,786.0,589.0,97.0,83.0,83.0,97.0,111.0,69.0,83.0,97.0,125.0,97.0,125.0,97.0,139.0,97.0,111.0,208.0,test5
52,1423.0,732.0,1777.0,1113.0,844.0,733.0,1748.0,604.0,647.0,477.0,478.0,1508.0,1212.0,1832.0,4994.0,1860.0,1210.0,969.0,830.0,1873.0,786.0,574.0,589.0,1716.0,1337.0,5161.0,111.0,69.0,83.0,97.0,125.0,97.0,125.0,97.0,139.0,97.0,111.0,208.0,125.0,250.0,167.0,167.0,test5
53,1777.0,1113.0,844.0,733.0,1748.0,604.0,647.0,477.0,478.0,1508.0,1212.0,1832.0,4994.0,349.0,773.0,969.0,830.0,1873.0,701.0,786.0,589.0,1716.0,1337.0,2082.0,5161.0,871.0,83.0,97.0,125.0,97.0,125.0,97.0,139.0,97.0,111.0,208.0,125.0,250.0,167.0,167.0,98.0,125.0,test5
54,604.0,647.0,477.0,478.0,1508.0,1212.0,1832.0,4994.0,349.0,773.0,1341.0,761.0,407.0,605.0,3684.0,574.0,589.0,1716.0,1337.0,2082.0,516.0,871.0,1466.0,870.0,545.0,3767.0,97.0,139.0,97.0,111.0,208.0,125.0,250.0,167.0,167.0,98.0,125.0,109.0,138.0,125.0,83.0,109.0,test5
55,647.0,477.0,478.0,1508.0,1212.0,1832.0,4994.0,349.0,773.0,1341.0,761.0,407.0,605.0,3684.0,497.0,589.0,1716.0,1337.0,2082.0,5161.0,871.0,1466.0,870.0,545.0,730.0,606.0,139.0,97.0,111.0,208.0,125.0,250.0,167.0,167.0,98.0,125.0,109.0,138.0,125.0,83.0,109.0,79.0,test5
56,477.0,478.0,1508.0,1212.0,1832.0,4994.0,349.0,773.0,1341.0,761.0,407.0,605.0,3684.0,497.0,677.0,1716.0,1337.0,2082.0,5161.0,516.0,1466.0,870.0,545.0,730.0,3767.0,756.0,97.0,111.0,208.0,125.0,250.0,167.0,167.0,98.0,125.0,109.0,138.0,125.0,83.0,109.0,79.0,69.0,test5
57,478.0,1508.0,1212.0,1832.0,4994.0,349.0,773.0,1341.0,761.0,407.0,605.0,3684.0,497.0,677.0,861.0,1337.0,2082.0,5161.0,516.0,871.0,870.0,545.0,730.0,3767.0,606.0,930.0,111.0,208.0,125.0,250.0,167.0,167.0,98.0,125.0,109.0,138.0,125.0,83.0,109.0,79.0,69.0,96.0,test5
58,497.0,677.0,861.0,634.0,1174.0,580.0,624.0,1031.0,650.0,450.0,677.0,751.0,677.0,392.0,549.0,930.0,730.0,1257.0,675.0,718.0,731.0,572.0,760.0,846.0,755.0,646.0,109.0,79.0,69.0,96.0,83.0,95.0,94.0,93.0,81.0,122.0,83.0,95.0,78.0,83.0,97.0,69.0,test5
59,861.0,634.0,1174.0,580.0,624.0,1031.0,650.0,450.0,677.0,751.0,677.0,392.0,549.0,3035.0,380.0,1257.0,675.0,718.0,1124.0,731.0,760.0,846.0,755.0,475.0,646.0,448.0,69.0,96.0,83.0,95.0,94.0,93.0,81.0,122.0,83.0,95.0,78.0,83.0,97.0,69.0,68.0,83.0,test5
60,624.0,1031.0,650.0,450.0,677.0,751.0,677.0,392.0,549.0,3035.0,380.0,710.0,83.0,380.0,367.0,731.0,572.0,760.0,846.0,755.0,646.0,3104.0,448.0,793.0,175.0,464.0,94.0,93.0,81.0,122.0,83.0,95.0,78.0,83.0,97.0,69.0,68.0,83.0,92.0,97.0,97.0,83.0,test5
61,650.0,450.0,677.0,751.0,677.0,392.0,549.0,3035.0,380.0,710.0,83.0,380.0,367.0,169.0,554.0,760.0,846.0,755.0,475.0,646.0,448.0,793.0,175.0,477.0,464.0,651.0,81.0,122.0,83.0,95.0,78.0,83.0,97.0,69.0,68.0,83.0,92.0,97.0,97.0,83.0,97.0,92.0,test5
62,367.0,169.0,554.0,296.0,112.0,436.0,564.0,1026.0,338.0,465.0,253.0,990.0,238.0,295.0,594.0,651.0,388.0,195.0,519.0,647.0,435.0,548.0,309.0,1073.0,332.0,677.0,97.0,83.0,97.0,92.0,83.0,83.0,83.0,69.0,97.0,83.0,56.0,83.0,94.0,84.0,83.0,94.0,test5
63,554.0,296.0,112.0,436.0,564.0,1026.0,338.0,465.0,253.0,990.0,238.0,295.0,594.0,760.0,381.0,195.0,519.0,647.0,1095.0,435.0,309.0,1073.0,332.0,379.0,677.0,492.0,97.0,92.0,83.0,83.0,83.0,69.0,97.0,83.0,56.0,83.0,94.0,84.0,83.0,94.0,111.0,82.0,test5
64,564.0,1026.0,338.0,465.0,253.0,990.0,238.0,295.0,594.0,760.0,381.0,182.0,424.0,211.0,84.0,435.0,548.0,309.0,1073.0,332.0,677.0,854.0,492.0,264.0,535.0,167.0,83.0,69.0,97.0,83.0,56.0,83.0,94.0,84.0,83.0,94.0,111.0,82.0,111.0,69.0,83.0,83.0,test5
65,338.0,465.0,253.0,990.0,238.0,295.0,594.0,760.0,381.0,182.0,424.0,211.0,84.0,323.0,522.0,309.0,1073.0,332.0,379.0,677.0,492.0,264.0,535.0,280.0,167.0,605.0,97.0,83.0,56.0,83.0,94.0,84.0,83.0,94.0,111.0,82.0,111.0,69.0,83.0,83.0,83.0,69.0,test5
66,381.0,182.0,424.0,211.0,84.0,323.0,522.0,366.0,394.0,424.0,226.0,833.0,224.0,281.0,323.0,535.0,280.0,167.0,406.0,605.0,490.0,520.0,267.0,916.0,362.0,406.0,111.0,82.0,111.0,69.0,83.0,83.0,83.0,69.0,96.0,96.0,41.0,83.0,138.0,97.0,83.0,83.0,test5
67,424.0,211.0,84.0,323.0,522.0,366.0,394.0,424.0,226.0,833.0,224.0,281.0,323.0,761.0,323.0,167.0,406.0,605.0,435.0,490.0,267.0,916.0,362.0,378.0,406.0,433.0,111.0,69.0,83.0,83.0,83.0,69.0,96.0,96.0,41.0,83.0,138.0,97.0,83.0,83.0,110.0,97.0,test5
68,522.0,366.0,394.0,424.0,226.0,833.0,224.0,281.0,323.0,761.0,323.0,351.0,481.0,268.0,98.0,490.0,520.0,267.0,916.0,362.0,406.0,844.0,433.0,448.0,564.0,167.0,83.0,69.0,96.0,96.0,41.0,83.0,138.0,97.0,83.0,83.0,110.0,97.0,83.0,81.0,69.0,97.0,test5
69,394.0,424.0,226.0,833.0,224.0,281.0,323.0,761.0,323.0,351.0,481.0,268.0,98.0,294.0,623.0,267.0,916.0,362.0,378.0,406.0,433.0,448.0,564.0,349.0,167.0,664.0,96.0,96.0,41.0,83.0,138.0,97.0,83.0,83.0,110.0,97.0,83.0,81.0,69.0,97.0,41.0,94.0,test5
70,323.0,351.0,481.0,268.0,98.0,294.0,623.0,197.0,583.0,252.0,695.0,365.0,608.0,1035.0,366.0,564.0,349.0,167.0,391.0,664.0,680.0,344.0,794.0,401.0,705.0,471.0,110.0,97.0,83.0,81.0,69.0,97.0,41.0,94.0,97.0,92.0,99.0,36.0,97.0,82.0,105.0,96.0,test5
71,481.0,268.0,98.0,294.0,623.0,197.0,583.0,252.0,695.0,365.0,608.0,1035.0,366.0,410.0,368.0,167.0,391.0,664.0,291.0,680.0,794.0,401.0,705.0,1117.0,471.0,422.0,83.0,81.0,69.0,97.0,41.0,94.0,97.0,92.0,99.0,36.0,97.0,82.0,105.0,96.0,54.0,83.0,test5
72,623.0,197.0,583.0,252.0,695.0,365.0,608.0,1035.0,366.0,410.0,368.0,580.0,653.0,294.0,408.0,680.0,344.0,794.0,401.0,705.0,471.0,506.0,422.0,663.0,774.0,463.0,41.0,94.0,97.0,92.0,99.0,36.0,97.0,82.0,105.0,96.0,54.0,83.0,121.0,80.0,55.0,69.0,test5
73,583.0,252.0,695.0,365.0,608.0,1035.0,366.0,410.0,368.0,580.0,653.0,294.0,408.0,861.0,408.0,794.0,401.0,705.0,1117.0,471.0,422.0,663.0,774.0,374.0,463.0,518.0,97.0,92.0,99.0,36.0,97.0,82.0,105.0,96.0,54.0,83.0,121.0,80.0,55.0,69.0,110.0,97.0,test5
74,695.0,365.0,608.0,1035.0,366.0,410.0,368.0,580.0,653.0,294.0,408.0,861.0,408.0,452.0,566.0,705.0,1117.0,471.0,506.0,422.0,774.0,374.0,463.0,930.0,518.0,648.0,99.0,36.0,97.0,82.0,105.0,96.0,54.0,83.0,121.0,80.0,55.0,69.0,110.0,97.0,82.0,54.0,test5
75,608.0,1035.0,366.0,410.0,368.0,580.0,653.0,294.0,408.0,861.0,408.0,452.0,566.0,296.0,97.0,471.0,506.0,422.0,663.0,774.0,463.0,930.0,518.0,549.0,648.0,180.0,97.0,82.0,105.0,96.0,54.0,83.0,121.0,80.0,55.0,69.0,110.0,97.0,82.0,54.0,83.0,98.0,test5
76,1035.0,366.0,410.0,368.0,580.0,653.0,294.0,408.0,861.0,408.0,452.0,566.0,296.0,97.0,551.0,506.0,422.0,663.0,774.0,374.0,930.0,518.0,549.0,648.0,350.0,649.0,82.0,105.0,96.0,54.0,83.0,121.0,80.0,55.0,69.0,110.0,97.0,82.0,54.0,83.0,98.0,94.0,test5
77,366.0,410.0,368.0,580.0,653.0,294.0,408.0,861.0,408.0,452.0,566.0,296.0,97.0,551.0,908.0,422.0,663.0,774.0,374.0,463.0,518.0,549.0,648.0,350.0,180.0,1002.0,105.0,96.0,54.0,83.0,121.0,80.0,55.0,69.0,110.0,97.0,82.0,54.0,83.0,98.0,94.0,51.0,test5
78,408.0,452.0,566.0,296.0,97.0,551.0,908.0,1285.0,394.0,778.0,422.0,423.0,381.0,479.0,309.0,648.0,350.0,180.0,649.0,1002.0,471.0,847.0,543.0,520.0,464.0,434.0,110.0,97.0,82.0,54.0,83.0,98.0,94.0,51.0,77.0,69.0,121.0,97.0,83.0,82.0,125.0,97.0,test5
79,566.0,296.0,97.0,551.0,908.0,1285.0,394.0,778.0,422.0,423.0,381.0,479.0,309.0,323.0,594.0,180.0,649.0,1002.0,1336.0,471.0,543.0,520.0,464.0,561.0,434.0,677.0,82.0,54.0,83.0,98.0,94.0,51.0,77.0,69.0,121.0,97.0,83.0,82.0,125.0,97.0,83.0,82.0,test5
80,908.0,1285.0,394.0,778.0,422.0,423.0,381.0,479.0,309.0,323.0,594.0,973.0,323.0,281.0,451.0,471.0,847.0,543.0,520.0,464.0,434.0,420.0,677.0,1055.0,461.0,562.0,94.0,51.0,77.0,69.0,121.0,97.0,83.0,82.0,125.0,97.0,83.0,82.0,138.0,97.0,111.0,97.0,test5
81,394.0,778.0,422.0,423.0,381.0,479.0,309.0,323.0,594.0,973.0,323.0,281.0,451.0,409.0,168.0,543.0,520.0,464.0,561.0,434.0,677.0,1055.0,461.0,378.0,562.0,223.0,77.0,69.0,121.0,97.0,83.0,82.0,125.0,97.0,83.0,82.0,138.0,97.0,111.0,97.0,55.0,97.0,test5
82,778.0,422.0,423.0,381.0,479.0,309.0,323.0,594.0,973.0,323.0,281.0,451.0,409.0,168.0,775.0,520.0,464.0,561.0,434.0,420.0,1055.0,461.0,378.0,562.0,506.0,872.0,69.0,121.0,97.0,83.0,82.0,125.0,97.0,83.0,82.0,138.0,97.0,111.0,97.0,55.0,97.0,111.0,test5
83,422.0,423.0,381.0,479.0,309.0,323.0,594.0,973.0,323.0,281.0,451.0,409.0,168.0,775.0,465.0,464.0,561.0,434.0,420.0,677.0,461.0,378.0,562.0,506.0,223.0,576.0,121.0,97.0,83.0,82.0,125.0,97.0,83.0,82.0,138.0,97.0,111.0,97.0,55.0,97.0,111.0,97.0,test5
84,323.0,281.0,451.0,409.0,168.0,775.0,465.0,309.0,682.0,522.0,965.0,395.0,409.0,408.0,692.0,562.0,506.0,223.0,872.0,576.0,765.0,600.0,1061.0,528.0,464.0,802.0,138.0,97.0,111.0,97.0,55.0,97.0,111.0,97.0,83.0,78.0,96.0,133.0,55.0,69.0,110.0,69.0,test5
85,451.0,409.0,168.0,775.0,465.0,309.0,682.0,522.0,965.0,395.0,409.0,408.0,692.0,280.0,789.0,223.0,872.0,576.0,406.0,765.0,1061.0,528.0,464.0,477.0,802.0,858.0,111.0,97.0,55.0,97.0,111.0,97.0,83.0,78.0,96.0,133.0,55.0,69.0,110.0,69.0,69.0,111.0,test5
86,682.0,522.0,965.0,395.0,409.0,408.0,692.0,280.0,789.0,931.0,337.0,210.0,553.0,480.0,225.0,1061.0,528.0,464.0,477.0,802.0,858.0,1042.0,462.0,279.0,650.0,293.0,83.0,78.0,96.0,133.0,55.0,69.0,110.0,69.0,69.0,111.0,125.0,69.0,97.0,38.0,68.0,70.0,test5
87,965.0,395.0,409.0,408.0,692.0,280.0,789.0,931.0,337.0,210.0,553.0,480.0,225.0,422.0,509.0,464.0,477.0,802.0,349.0,858.0,462.0,279.0,650.0,518.0,293.0,606.0,96.0,133.0,55.0,69.0,110.0,69.0,69.0,111.0,125.0,69.0,97.0,38.0,68.0,70.0,97.0,97.0,test5
88,337.0,210.0,553.0,480.0,225.0,422.0,509.0,394.0,365.0,410.0,282.0,625.0,268.0,296.0,747.0,650.0,518.0,293.0,492.0,606.0,434.0,507.0,336.0,708.0,374.0,816.0,125.0,69.0,97.0,38.0,68.0,70.0,97.0,97.0,69.0,97.0,54.0,83.0,106.0,69.0,69.0,111.0,test5
89,553.0,480.0,225.0,422.0,509.0,394.0,365.0,410.0,282.0,625.0,268.0,296.0,747.0,874.0,380.0,293.0,492.0,606.0,491.0,434.0,336.0,708.0,374.0,365.0,816.0,519.0,97.0,38.0,68.0,70.0,97.0,97.0,69.0,97.0,54.0,83.0,106.0,69.0,69.0,111.0,139.0,97.0,test5
90,509.0,394.0,365.0,410.0,282.0,625.0,268.0,296.0,747.0,874.0,380.0,210.0,424.0,325.0,112.0,434.0,507.0,336.0,708.0,374.0,816.0,985.0,519.0,307.0,521.0,181.0,97.0,97.0,69.0,97.0,54.0,83.0,106.0,69.0,69.0,111.0,139.0,97.0,97.0,68.0,69.0,83.0,test5
91,365.0,410.0,282.0,625.0,268.0,296.0,747.0,874.0,380.0,210.0,424.0,325.0,112.0,421.0,512.0,336.0,708.0,374.0,365.0,816.0,519.0,307.0,521.0,393.0,181.0,623.0,69.0,97.0,54.0,83.0,106.0,69.0,69.0,111.0,139.0,97.0,97.0,68.0,69.0,83.0,111.0,67.0,test5
92,380.0,210.0,424.0,325.0,112.0,421.0,512.0,436.0,381.0,381.0,239.0,364.0,352.0,295.0,493.0,521.0,393.0,181.0,504.0,623.0,478.0,492.0,308.0,461.0,463.0,576.0,139.0,97.0,97.0,68.0,69.0,83.0,111.0,67.0,97.0,111.0,69.0,97.0,111.0,83.0,83.0,97.0,test5
93,424.0,325.0,112.0,421.0,512.0,436.0,381.0,381.0,239.0,364.0,352.0,295.0,493.0,902.0,366.0,181.0,504.0,623.0,503.0,478.0,308.0,461.0,463.0,378.0,576.0,463.0,97.0,68.0,69.0,83.0,111.0,67.0,97.0,111.0,69.0,97.0,111.0,83.0,83.0,97.0,97.0,69.0,test5
94,512.0,436.0,381.0,381.0,239.0,364.0,352.0,295.0,493.0,902.0,366.0,225.0,495.0,522.0,225.0,478.0,492.0,308.0,461.0,463.0,576.0,999.0,463.0,294.0,591.0,280.0,111.0,67.0,97.0,111.0,69.0,97.0,111.0,83.0,83.0,97.0,97.0,69.0,96.0,83.0,55.0,97.0,test5
95,381.0,381.0,239.0,364.0,352.0,295.0,493.0,902.0,366.0,225.0,495.0,522.0,225.0,865.0,381.0,308.0,461.0,463.0,378.0,576.0,463.0,294.0,591.0,605.0,280.0,488.0,97.0,111.0,69.0,97.0,111.0,83.0,83.0,97.0,97.0,69.0,96.0,83.0,55.0,97.0,107.0,83.0,test5
96,366.0,225.0,495.0,522.0,225.0,865.0,381.0,437.0,1610.0,408.0,423.0,409.0,310.0,324.0,296.0,591.0,605.0,280.0,962.0,488.0,1721.0,474.0,519.0,506.0,393.0,392.0,97.0,69.0,96.0,83.0,55.0,97.0,107.0,83.0,111.0,66.0,96.0,97.0,83.0,97.0,96.0,83.0,test5
97,495.0,522.0,225.0,865.0,381.0,437.0,1610.0,408.0,423.0,409.0,310.0,324.0,296.0,253.0,337.0,280.0,962.0,488.0,520.0,1721.0,519.0,506.0,393.0,421.0,392.0,420.0,96.0,83.0,55.0,97.0,107.0,83.0,111.0,66.0,96.0,97.0,83.0,97.0,96.0,83.0,83.0,100.0,test5
98,1610.0,408.0,423.0,409.0,310.0,324.0,296.0,253.0,337.0,148897.0,367.0,295.0,767.0,141.0,98.0,519.0,506.0,393.0,421.0,392.0,420.0,148997.0,450.0,364.0,850.0,181.0,111.0,66.0,96.0,97.0,83.0,97.0,96.0,83.0,83.0,100.0,83.0,69.0,83.0,64.0,83.0,69.0,test5
99,423.0,409.0,310.0,324.0,296.0,253.0,337.0,148897.0,367.0,295.0,767.0,141.0,98.0,409.0,610.0,393.0,421.0,392.0,336.0,420.0,450.0,364.0,850.0,205.0,181.0,692.0,96.0,97.0,83.0,97.0,96.0,83.0,83.0,100.0,83.0,69.0,83.0,64.0,83.0,69.0,82.0,81.0,test5
100,481.0,169.0,523.0,211.0,13.0,509.0,696.0,97.0,226.0,197.0,509.0,83.0,97.0,324.0,2505.0,578.0,280.0,97.0,579.0,751.0,281.0,239.0,592.0,151.0,180.0,2574.0,69.0,69.0,55.0,69.0,84.0,70.0,55.0,51.0,55.0,42.0,83.0,68.0,83.0,69.0,69.0,79.0,test3
101,523.0,211.0,13.0,509.0,696.0,97.0,226.0,197.0,509.0,83.0,97.0,324.0,2505.0,1064.0,367.0,97.0,579.0,751.0,148.0,281.0,592.0,151.0,180.0,393.0,2574.0,417.0,55.0,69.0,84.0,70.0,55.0,51.0,55.0,42.0,83.0,68.0,83.0,69.0,69.0,79.0,50.0,41.0,test3
102,696.0,97.0,226.0,197.0,509.0,83.0,97.0,324.0,2505.0,1064.0,367.0,155.0,537.0,211.0,85.0,281.0,239.0,592.0,151.0,180.0,2574.0,1143.0,417.0,196.0,592.0,140.0,55.0,51.0,55.0,42.0,83.0,68.0,83.0,69.0,69.0,79.0,50.0,41.0,55.0,41.0,55.0,55.0,test3
103,226.0,197.0,509.0,83.0,97.0,324.0,2505.0,1064.0,367.0,155.0,537.0,211.0,85.0,352.0,409.0,592.0,151.0,180.0,393.0,2574.0,417.0,196.0,592.0,252.0,140.0,464.0,55.0,42.0,83.0,68.0,83.0,69.0,69.0,79.0,50.0,41.0,55.0,41.0,55.0,55.0,55.0,42.0,test3
104,367.0,155.0,537.0,211.0,85.0,352.0,409.0,694.0,494.0,112.0,253.0,282.0,408.0,69.0,56.0,592.0,252.0,140.0,407.0,464.0,587.0,167.0,350.0,337.0,478.0,97.0,50.0,41.0,55.0,41.0,55.0,55.0,55.0,42.0,93.0,55.0,97.0,55.0,70.0,83.0,41.0,83.0,test3
105,537.0,211.0,85.0,352.0,409.0,694.0,494.0,112.0,253.0,282.0,408.0,69.0,56.0,196.0,722.0,140.0,407.0,464.0,736.0,587.0,350.0,337.0,478.0,152.0,97.0,777.0,55.0,41.0,55.0,55.0,55.0,42.0,93.0,55.0,97.0,55.0,70.0,83.0,41.0,83.0,55.0,81.0,test3
106,409.0,694.0,494.0,112.0,253.0,282.0,408.0,69.0,56.0,196.0,722.0,1913.0,481.0,169.0,853.0,587.0,167.0,350.0,337.0,478.0,97.0,279.0,777.0,1994.0,516.0,895.0,55.0,42.0,93.0,55.0,97.0,55.0,70.0,83.0,41.0,83.0,55.0,81.0,35.0,55.0,42.0,50.0,test3
107,253.0,282.0,408.0,69.0,56.0,196.0,722.0,1913.0,481.0,169.0,853.0,255.0,41.0,367.0,467.0,478.0,152.0,97.0,279.0,777.0,516.0,224.0,895.0,305.0,110.0,522.0,97.0,55.0,70.0,83.0,41.0,83.0,55.0,81.0,35.0,55.0,42.0,50.0,69.0,70.0,55.0,69.0,test3
108,481.0,169.0,853.0,255.0,41.0,367.0,467.0,98.0,239.0,197.0,367.0,28.0,56.0,253.0,465.0,895.0,305.0,110.0,437.0,522.0,280.0,281.0,451.0,111.0,139.0,548.0,35.0,55.0,42.0,50.0,69.0,70.0,55.0,69.0,41.0,84.0,84.0,83.0,83.0,98.0,83.0,55.0,test3
109,853.0,255.0,41.0,367.0,467.0,98.0,239.0,197.0,367.0,28.0,56.0,253.0,465.0,876.0,339.0,110.0,437.0,522.0,167.0,280.0,451.0,111.0,139.0,351.0,548.0,408.0,42.0,50.0,69.0,70.0,55.0,69.0,41.0,84.0,84.0,83.0,83.0,98.0,83.0,55.0,69.0,55.0,test3
110,467.0,98.0,239.0,197.0,367.0,28.0,56.0,253.0,465.0,876.0,339.0,225.0,522.0,268.0,55.0,280.0,281.0,451.0,111.0,139.0,548.0,931.0,408.0,280.0,564.0,124.0,55.0,69.0,41.0,84.0,84.0,83.0,83.0,98.0,83.0,55.0,69.0,55.0,42.0,69.0,69.0,55.0,test3
111,239.0,197.0,367.0,28.0,56.0,253.0,465.0,876.0,339.0,225.0,522.0,268.0,55.0,481.0,496.0,451.0,111.0,139.0,351.0,548.0,408.0,280.0,564.0,337.0,124.0,551.0,41.0,84.0,84.0,83.0,83.0,98.0,83.0,55.0,69.0,55.0,42.0,69.0,69.0,55.0,55.0,55.0,test3
112,339.0,225.0,522.0,268.0,55.0,481.0,496.0,139.0,281.0,254.0,524.0,112.0,84.0,239.0,523.0,564.0,337.0,124.0,536.0,551.0,323.0,295.0,621.0,194.0,154.0,592.0,69.0,55.0,42.0,69.0,69.0,55.0,55.0,55.0,42.0,41.0,97.0,82.0,70.0,69.0,69.0,54.0,test3
113,522.0,268.0,55.0,481.0,496.0,139.0,281.0,254.0,524.0,112.0,84.0,239.0,523.0,4184.0,622.0,124.0,536.0,551.0,194.0,323.0,621.0,194.0,154.0,308.0,592.0,718.0,42.0,69.0,69.0,55.0,55.0,55.0,42.0,41.0,97.0,82.0,70.0,69.0,69.0,54.0,96.0,41.0,test3
114,496.0,139.0,281.0,254.0,524.0,112.0,84.0,239.0,523.0,4184.0,622.0,168.0,481.0,240.0,99.0,323.0,295.0,621.0,194.0,154.0,592.0,4238.0,718.0,209.0,536.0,140.0,55.0,55.0,42.0,41.0,97.0,82.0,70.0,69.0,69.0,54.0,96.0,41.0,55.0,69.0,41.0,55.0,test3
115,281.0,254.0,524.0,112.0,84.0,239.0,523.0,4184.0,622.0,168.0,481.0,240.0,99.0,310.0,466.0,621.0,194.0,154.0,308.0,592.0,718.0,209.0,536.0,309.0,140.0,549.0,42.0,41.0,97.0,82.0,70.0,69.0,69.0,54.0,96.0,41.0,55.0,69.0,41.0,55.0,83.0,55.0,test3
116,622.0,168.0,481.0,240.0,99.0,310.0,466.0,127.0,183.0,226.0,367.0,41.0,56.0,281.0,507.0,536.0,309.0,140.0,365.0,549.0,237.0,295.0,466.0,124.0,139.0,577.0,96.0,41.0,55.0,69.0,41.0,55.0,83.0,55.0,54.0,69.0,99.0,83.0,83.0,83.0,70.0,42.0,test3
117,481.0,240.0,99.0,310.0,466.0,127.0,183.0,226.0,367.0,41.0,56.0,281.0,507.0,844.0,268.0,140.0,365.0,549.0,182.0,237.0,466.0,124.0,139.0,364.0,577.0,353.0,55.0,69.0,41.0,55.0,83.0,55.0,54.0,69.0,99.0,83.0,83.0,83.0,70.0,42.0,85.0,69.0,test3
118,466.0,127.0,183.0,226.0,367.0,41.0,56.0,281.0,507.0,844.0,268.0,169.0,811.0,239.0,70.0,237.0,295.0,466.0,124.0,139.0,577.0,886.0,353.0,238.0,866.0,125.0,83.0,55.0,54.0,69.0,99.0,83.0,83.0,83.0,70.0,42.0,85.0,69.0,55.0,50.0,55.0,69.0,test3
119,183.0,226.0,367.0,41.0,56.0,281.0,507.0,844.0,268.0,169.0,811.0,239.0,70.0,254.0,412.0,466.0,124.0,139.0,364.0,577.0,353.0,238.0,866.0,289.0,125.0,481.0,54.0,69.0,99.0,83.0,83.0,83.0,70.0,42.0,85.0,69.0,55.0,50.0,55.0,69.0,69.0,55.0,test3
120,268.0,169.0,811.0,239.0,70.0,254.0,412.0,84.0,210.0,183.0,509.0,69.0,125.0,239.0,522.0,866.0,289.0,125.0,323.0,481.0,279.0,253.0,592.0,138.0,181.0,577.0,85.0,69.0,55.0,50.0,55.0,69.0,69.0,55.0,69.0,70.0,83.0,69.0,56.0,83.0,55.0,41.0,test3
121,811.0,239.0,70.0,254.0,412.0,84.0,210.0,183.0,509.0,69.0,125.0,239.0,522.0,833.0,268.0,125.0,323.0,481.0,139.0,279.0,592.0,138.0,181.0,322.0,577.0,365.0,55.0,50.0,55.0,69.0,69.0,55.0,69.0,70.0,83.0,69.0,56.0,83.0,55.0,41.0,97.0,70.0,test3
122,412.0,84.0,210.0,183.0,509.0,69.0,125.0,239.0,522.0,833.0,268.0,155.0,467.0,182.0,41.0,279.0,253.0,592.0,138.0,181.0,577.0,874.0,365.0,225.0,536.0,111.0,69.0,55.0,69.0,70.0,83.0,69.0,56.0,83.0,55.0,41.0,97.0,70.0,69.0,69.0,70.0,83.0,test3
123,210.0,183.0,509.0,69.0,125.0,239.0,522.0,833.0,268.0,155.0,467.0,182.0,41.0,367.0,353.0,592.0,138.0,181.0,322.0,577.0,365.0,225.0,536.0,251.0,111.0,422.0,69.0,70.0,83.0,69.0,56.0,83.0,55.0,41.0,97.0,70.0,69.0,69.0,70.0,83.0,69.0,56.0,test3
124,268.0,155.0,467.0,182.0,41.0,367.0,353.0,98.0,197.0,212.0,424.0,56.0,98.0,196.0,309.0,536.0,251.0,111.0,450.0,422.0,266.0,281.0,493.0,139.0,195.0,393.0,97.0,70.0,69.0,69.0,70.0,83.0,69.0,56.0,69.0,69.0,69.0,83.0,97.0,70.0,84.0,41.0,test3
125,467.0,182.0,41.0,367.0,353.0,98.0,197.0,212.0,424.0,56.0,98.0,196.0,309.0,764.0,324.0,111.0,450.0,422.0,154.0,266.0,493.0,139.0,195.0,266.0,393.0,406.0,69.0,69.0,70.0,83.0,69.0,56.0,69.0,69.0,69.0,83.0,97.0,70.0,84.0,41.0,82.0,55.0,test3
126,353.0,98.0,197.0,212.0,424.0,56.0,98.0,196.0,309.0,764.0,324.0,197.0,453.0,211.0,84.0,266.0,281.0,493.0,139.0,195.0,393.0,805.0,406.0,252.0,508.0,125.0,69.0,56.0,69.0,69.0,69.0,83.0,97.0,70.0,84.0,41.0,82.0,55.0,55.0,83.0,41.0,70.0,test3
127,197.0,212.0,424.0,56.0,98.0,196.0,309.0,764.0,324.0,197.0,453.0,211.0,84.0,339.0,481.0,493.0,139.0,195.0,266.0,393.0,406.0,252.0,508.0,294.0,125.0,551.0,69.0,69.0,69.0,83.0,97.0,70.0,84.0,41.0,82.0,55.0,55.0,83.0,41.0,70.0,70.0,55.0,test3
128,324.0,197.0,453.0,211.0,84.0,339.0,481.0,154.0,224.0,297.0,438.0,84.0,140.0,338.0,578.0,508.0,294.0,125.0,409.0,551.0,294.0,353.0,521.0,153.0,209.0,647.0,82.0,55.0,55.0,83.0,41.0,70.0,70.0,55.0,70.0,56.0,83.0,69.0,69.0,70.0,69.0,83.0,test3
129,453.0,211.0,84.0,339.0,481.0,154.0,224.0,297.0,438.0,84.0,140.0,338.0,578.0,7458.0,211.0,125.0,409.0,551.0,209.0,294.0,521.0,153.0,209.0,408.0,647.0,321.0,55.0,83.0,41.0,70.0,70.0,55.0,70.0,56.0,83.0,69.0,69.0,70.0,69.0,83.0,110.0,70.0,test3
130,481.0,154.0,224.0,297.0,438.0,84.0,140.0,338.0,578.0,7458.0,211.0,154.0,368.0,240.0,55.0,294.0,353.0,521.0,153.0,209.0,647.0,7541.0,321.0,224.0,451.0,110.0,70.0,55.0,70.0,56.0,83.0,69.0,69.0,70.0,69.0,83.0,110.0,70.0,83.0,69.0,55.0,70.0,test3
131,224.0,297.0,438.0,84.0,140.0,338.0,578.0,7458.0,211.0,154.0,368.0,240.0,55.0,338.0,326.0,521.0,153.0,209.0,408.0,647.0,321.0,224.0,451.0,309.0,110.0,395.0,70.0,56.0,83.0,69.0,69.0,70.0,69.0,83.0,110.0,70.0,83.0,69.0,55.0,70.0,69.0,83.0,test3
132,211.0,154.0,368.0,240.0,55.0,338.0,326.0,83.0,196.0,269.0,381.0,83.0,98.0,197.0,396.0,451.0,309.0,110.0,408.0,395.0,280.0,324.0,436.0,152.0,167.0,465.0,110.0,70.0,83.0,69.0,55.0,70.0,69.0,83.0,84.0,55.0,55.0,69.0,69.0,83.0,69.0,68.0,test3
133,368.0,240.0,55.0,338.0,326.0,83.0,196.0,269.0,381.0,83.0,98.0,197.0,396.0,1032.0,240.0,110.0,408.0,395.0,166.0,280.0,436.0,152.0,167.0,280.0,465.0,351.0,83.0,69.0,55.0,70.0,69.0,83.0,84.0,55.0,55.0,69.0,69.0,83.0,69.0,68.0,111.0,83.0,test3
134,326.0,83.0,196.0,269.0,381.0,83.0,98.0,197.0,396.0,1032.0,240.0,140.0,382.0,197.0,70.0,280.0,324.0,436.0,152.0,167.0,465.0,1100.0,351.0,223.0,465.0,139.0,69.0,83.0,84.0,55.0,55.0,69.0,69.0,83.0,69.0,68.0,111.0,83.0,83.0,70.0,69.0,70.0,test3
135,196.0,269.0,381.0,83.0,98.0,197.0,396.0,1032.0,240.0,140.0,382.0,197.0,70.0,310.0,354.0,436.0,152.0,167.0,280.0,465.0,351.0,223.0,465.0,267.0,139.0,423.0,84.0,55.0,55.0,69.0,69.0,83.0,69.0,68.0,111.0,83.0,83.0,70.0,69.0,70.0,69.0,69.0,test3
136,240.0,140.0,382.0,197.0,70.0,310.0,354.0,70.0,183.0,197.0,367.0,55.0,98.0,224.0,824.0,465.0,267.0,139.0,380.0,423.0,252.0,280.0,451.0,124.0,168.0,894.0,111.0,83.0,83.0,70.0,69.0,70.0,69.0,69.0,69.0,83.0,84.0,69.0,70.0,69.0,70.0,50.0,test3
137,382.0,197.0,70.0,310.0,354.0,70.0,183.0,197.0,367.0,55.0,98.0,224.0,824.0,1429.0,283.0,139.0,380.0,423.0,139.0,252.0,451.0,124.0,168.0,293.0,894.0,350.0,83.0,70.0,69.0,70.0,69.0,69.0,69.0,83.0,84.0,69.0,70.0,69.0,70.0,50.0,67.0,55.0,test3
138,354.0,70.0,183.0,197.0,367.0,55.0,98.0,224.0,824.0,1429.0,283.0,254.0,469.0,225.0,99.0,252.0,280.0,451.0,124.0,168.0,894.0,1479.0,350.0,309.0,538.0,126.0,69.0,69.0,69.0,83.0,84.0,69.0,70.0,69.0,70.0,50.0,67.0,55.0,69.0,53.0,27.0,69.0,test3
139,183.0,197.0,367.0,55.0,98.0,224.0,824.0,1429.0,283.0,254.0,469.0,225.0,99.0,438.0,367.0,451.0,124.0,168.0,293.0,894.0,350.0,309.0,538.0,278.0,126.0,436.0,69.0,83.0,84.0,69.0,70.0,69.0,70.0,50.0,67.0,55.0,69.0,53.0,27.0,69.0,69.0,70.0,test3
140,283.0,254.0,469.0,225.0,99.0,438.0,367.0,97.0,239.0,240.0,381.0,83.0,125.0,395.0,409.0,538.0,278.0,126.0,507.0,436.0,308.0,310.0,450.0,153.0,195.0,478.0,67.0,55.0,69.0,53.0,27.0,69.0,69.0,70.0,69.0,70.0,69.0,70.0,70.0,70.0,69.0,83.0,test3
141,469.0,225.0,99.0,438.0,367.0,97.0,239.0,240.0,381.0,83.0,125.0,395.0,409.0,18135.0,369.0,126.0,507.0,436.0,167.0,308.0,450.0,153.0,195.0,465.0,478.0,440.0,69.0,53.0,27.0,69.0,69.0,70.0,69.0,70.0,69.0,70.0,70.0,70.0,69.0,83.0,71.0,55.0,test3
142,367.0,97.0,239.0,240.0,381.0,83.0,125.0,395.0,409.0,18135.0,369.0,169.0,454.0,212.0,57.0,308.0,310.0,450.0,153.0,195.0,478.0,18218.0,440.0,224.0,509.0,112.0,69.0,70.0,69.0,70.0,69.0,70.0,70.0,70.0,69.0,83.0,71.0,55.0,55.0,84.0,55.0,83.0,test3
143,239.0,240.0,381.0,83.0,125.0,395.0,409.0,18135.0,369.0,169.0,454.0,212.0,57.0,567.0,383.0,450.0,153.0,195.0,465.0,478.0,440.0,224.0,509.0,296.0,112.0,465.0,69.0,70.0,69.0,70.0,70.0,70.0,69.0,83.0,71.0,55.0,55.0,84.0,55.0,83.0,82.0,55.0,test3
144,369.0,169.0,454.0,212.0,57.0,567.0,383.0,710.0,240.0,126.0,681.0,41.0,97.0,210.0,834.0,509.0,296.0,112.0,650.0,465.0,292.0,195.0,750.0,109.0,167.0,904.0,71.0,55.0,55.0,84.0,55.0,83.0,82.0,55.0,52.0,69.0,69.0,68.0,70.0,70.0,70.0,55.0,test3
145,454.0,212.0,57.0,567.0,383.0,710.0,240.0,126.0,681.0,41.0,97.0,210.0,834.0,837.0,240.0,112.0,650.0,465.0,765.0,292.0,750.0,109.0,167.0,280.0,904.0,292.0,55.0,84.0,55.0,83.0,82.0,55.0,52.0,69.0,69.0,68.0,70.0,70.0,70.0,55.0,52.0,56.0,test3
146,383.0,710.0,240.0,126.0,681.0,41.0,97.0,210.0,834.0,837.0,240.0,140.0,410.0,197.0,56.0,292.0,195.0,750.0,109.0,167.0,904.0,892.0,292.0,196.0,479.0,139.0,82.0,55.0,52.0,69.0,69.0,68.0,70.0,70.0,70.0,55.0,52.0,56.0,69.0,69.0,83.0,55.0,test3
147,240.0,126.0,681.0,41.0,97.0,210.0,834.0,837.0,240.0,140.0,410.0,197.0,56.0,283.0,438.0,750.0,109.0,167.0,280.0,904.0,292.0,196.0,479.0,266.0,139.0,493.0,52.0,69.0,69.0,68.0,70.0,70.0,70.0,55.0,52.0,56.0,69.0,69.0,83.0,55.0,55.0,69.0,test3
148,240.0,140.0,410.0,197.0,56.0,283.0,438.0,84.0,169.0,169.0,366.0,41.0,70.0,168.0,409.0,479.0,266.0,139.0,338.0,493.0,224.0,239.0,422.0,124.0,153.0,465.0,52.0,56.0,69.0,69.0,83.0,55.0,55.0,69.0,55.0,70.0,56.0,83.0,83.0,83.0,56.0,41.0,test3
149,410.0,197.0,56.0,283.0,438.0,84.0,169.0,169.0,366.0,41.0,70.0,168.0,409.0,792.0,452.0,139.0,338.0,493.0,153.0,224.0,422.0,124.0,153.0,251.0,465.0,507.0,69.0,69.0,83.0,55.0,55.0,69.0,55.0,70.0,56.0,83.0,83.0,83.0,56.0,41.0,55.0,56.0,test3
150,262.0,780.0,442.0,164.0,190.0,711.0,430.0,428.0,291.0,359.0,263.0,66.0,52.0,150.0,836.0,524.0,232.0,244.0,778.0,511.0,359.0,413.0,303.0,147.0,147.0,918.0,67.0,67.0,82.0,68.0,54.0,67.0,81.0,53.0,68.0,54.0,40.0,81.0,95.0,68.0,82.0,67.0,test2
151,442.0,164.0,190.0,711.0,430.0,428.0,291.0,359.0,263.0,66.0,52.0,150.0,836.0,2924.0,263.0,244.0,778.0,511.0,481.0,359.0,303.0,147.0,147.0,218.0,918.0,344.0,82.0,68.0,54.0,67.0,81.0,53.0,68.0,54.0,40.0,81.0,95.0,68.0,82.0,67.0,81.0,68.0,test2
152,430.0,428.0,291.0,359.0,263.0,66.0,52.0,150.0,836.0,2924.0,263.0,304.0,402.0,107.0,79.0,359.0,413.0,303.0,147.0,147.0,918.0,2991.0,344.0,372.0,483.0,147.0,81.0,53.0,68.0,54.0,40.0,81.0,95.0,68.0,82.0,67.0,81.0,68.0,81.0,81.0,68.0,68.0,test2
153,291.0,359.0,263.0,66.0,52.0,150.0,836.0,2924.0,263.0,304.0,402.0,107.0,79.0,486.0,430.0,303.0,147.0,147.0,218.0,918.0,344.0,372.0,483.0,188.0,147.0,498.0,68.0,54.0,40.0,81.0,95.0,68.0,82.0,67.0,81.0,68.0,81.0,81.0,68.0,68.0,68.0,68.0,test2
154,263.0,304.0,402.0,107.0,79.0,486.0,430.0,248.0,331.0,304.0,53.0,92.0,66.0,150.0,709.0,483.0,188.0,147.0,554.0,498.0,413.0,344.0,121.0,187.0,148.0,777.0,81.0,68.0,81.0,81.0,68.0,68.0,68.0,68.0,82.0,40.0,68.0,95.0,82.0,81.0,68.0,82.0,test2
155,402.0,107.0,79.0,486.0,430.0,248.0,331.0,304.0,53.0,92.0,66.0,150.0,709.0,1355.0,234.0,147.0,554.0,498.0,316.0,413.0,121.0,187.0,148.0,231.0,777.0,329.0,81.0,81.0,68.0,68.0,68.0,68.0,82.0,40.0,68.0,95.0,82.0,81.0,68.0,82.0,95.0,82.0,test2
156,430.0,248.0,331.0,304.0,53.0,92.0,66.0,150.0,709.0,1355.0,234.0,275.0,682.0,123.0,80.0,413.0,344.0,121.0,187.0,148.0,777.0,1437.0,329.0,357.0,764.0,147.0,68.0,68.0,82.0,40.0,68.0,95.0,82.0,81.0,68.0,82.0,95.0,82.0,82.0,53.0,67.0,54.0,test2
157,331.0,304.0,53.0,92.0,66.0,150.0,709.0,1355.0,234.0,275.0,682.0,123.0,80.0,234.0,401.0,121.0,187.0,148.0,231.0,777.0,329.0,357.0,764.0,176.0,147.0,482.0,82.0,40.0,68.0,95.0,82.0,81.0,68.0,82.0,95.0,82.0,82.0,53.0,67.0,54.0,81.0,54.0,test2
158,234.0,275.0,682.0,123.0,80.0,234.0,401.0,233.0,290.0,331.0,122.0,107.0,108.0,136.0,388.0,764.0,176.0,147.0,288.0,482.0,372.0,370.0,176.0,188.0,162.0,484.0,95.0,82.0,82.0,53.0,67.0,54.0,81.0,54.0,82.0,39.0,54.0,81.0,54.0,67.0,96.0,81.0,test2
159,682.0,123.0,80.0,234.0,401.0,233.0,290.0,331.0,122.0,107.0,108.0,136.0,388.0,1131.0,332.0,147.0,288.0,482.0,287.0,372.0,176.0,188.0,162.0,203.0,484.0,413.0,82.0,53.0,67.0,54.0,81.0,54.0,82.0,39.0,54.0,81.0,54.0,67.0,96.0,81.0,81.0,53.0,test2
160,401.0,233.0,290.0,331.0,122.0,107.0,108.0,136.0,388.0,1131.0,332.0,1187.0,459.0,123.0,81.0,372.0,370.0,176.0,188.0,162.0,484.0,1212.0,413.0,1240.0,526.0,148.0,81.0,54.0,82.0,39.0,54.0,81.0,54.0,67.0,96.0,81.0,81.0,53.0,67.0,39.0,67.0,68.0,test2
161,290.0,331.0,122.0,107.0,108.0,136.0,388.0,1131.0,332.0,1187.0,459.0,123.0,81.0,318.0,429.0,176.0,188.0,162.0,203.0,484.0,413.0,1240.0,526.0,162.0,148.0,497.0,82.0,39.0,54.0,81.0,54.0,67.0,96.0,81.0,81.0,53.0,67.0,39.0,67.0,68.0,68.0,54.0,test2
162,332.0,1187.0,459.0,123.0,81.0,318.0,429.0,290.0,262.0,318.0,95.0,94.0,52.0,149.0,276.0,526.0,162.0,148.0,386.0,497.0,343.0,371.0,149.0,175.0,119.0,358.0,81.0,53.0,67.0,39.0,67.0,68.0,68.0,54.0,81.0,53.0,54.0,81.0,67.0,68.0,82.0,67.0,test2
163,459.0,123.0,81.0,318.0,429.0,290.0,262.0,318.0,95.0,94.0,52.0,149.0,276.0,1159.0,277.0,148.0,386.0,497.0,344.0,343.0,149.0,175.0,119.0,217.0,358.0,344.0,67.0,39.0,67.0,68.0,68.0,54.0,81.0,53.0,54.0,81.0,67.0,68.0,82.0,67.0,67.0,53.0,test2
164,429.0,290.0,262.0,318.0,95.0,94.0,52.0,149.0,276.0,1159.0,277.0,891.0,388.0,123.0,66.0,343.0,371.0,149.0,175.0,119.0,358.0,1226.0,344.0,944.0,456.0,133.0,68.0,54.0,81.0,53.0,54.0,81.0,67.0,68.0,82.0,67.0,67.0,53.0,68.0,54.0,67.0,40.0,test2
165,262.0,318.0,95.0,94.0,52.0,149.0,276.0,1159.0,277.0,891.0,388.0,123.0,66.0,710.0,430.0,149.0,175.0,119.0,217.0,358.0,344.0,944.0,456.0,177.0,133.0,498.0,81.0,53.0,54.0,81.0,67.0,68.0,82.0,67.0,67.0,53.0,68.0,54.0,67.0,40.0,68.0,81.0,test2
166,277.0,891.0,388.0,123.0,66.0,710.0,430.0,249.0,234.0,431.0,81.0,50.0,52.0,136.0,262.0,456.0,177.0,133.0,750.0,498.0,302.0,512.0,135.0,160.0,134.0,358.0,67.0,53.0,68.0,54.0,67.0,40.0,68.0,81.0,68.0,81.0,54.0,110.0,82.0,81.0,96.0,82.0,test2
167,388.0,123.0,66.0,710.0,430.0,249.0,234.0,431.0,81.0,50.0,52.0,136.0,262.0,1271.0,206.0,133.0,750.0,498.0,330.0,302.0,135.0,160.0,134.0,217.0,358.0,273.0,68.0,54.0,67.0,40.0,68.0,81.0,68.0,81.0,54.0,110.0,82.0,81.0,96.0,82.0,67.0,53.0,test2
168,430.0,249.0,234.0,431.0,81.0,50.0,52.0,136.0,262.0,1271.0,206.0,178.0,389.0,81.0,65.0,302.0,512.0,135.0,160.0,134.0,358.0,1353.0,273.0,231.0,470.0,147.0,68.0,81.0,68.0,81.0,54.0,110.0,82.0,81.0,96.0,82.0,67.0,53.0,81.0,54.0,82.0,54.0,test2
169,234.0,431.0,81.0,50.0,52.0,136.0,262.0,1271.0,206.0,178.0,389.0,81.0,65.0,624.0,374.0,135.0,160.0,134.0,217.0,358.0,273.0,231.0,470.0,135.0,147.0,427.0,68.0,81.0,54.0,110.0,82.0,81.0,96.0,82.0,67.0,53.0,81.0,54.0,82.0,54.0,53.0,54.0,test2
170,206.0,178.0,389.0,81.0,65.0,624.0,374.0,262.0,289.0,332.0,82.0,121.0,52.0,136.0,318.0,470.0,135.0,147.0,678.0,427.0,371.0,400.0,149.0,188.0,134.0,413.0,67.0,53.0,81.0,54.0,82.0,54.0,53.0,54.0,82.0,68.0,67.0,67.0,82.0,82.0,95.0,96.0,test2
171,389.0,81.0,65.0,624.0,374.0,262.0,289.0,332.0,82.0,121.0,52.0,136.0,318.0,1775.0,205.0,147.0,678.0,427.0,316.0,371.0,149.0,188.0,134.0,218.0,413.0,287.0,81.0,54.0,82.0,54.0,53.0,54.0,82.0,68.0,67.0,67.0,82.0,82.0,95.0,96.0,82.0,68.0,test2
172,374.0,262.0,289.0,332.0,82.0,121.0,52.0,136.0,318.0,1775.0,205.0,331.0,361.0,66.0,80.0,371.0,400.0,149.0,188.0,134.0,413.0,1871.0,287.0,399.0,428.0,147.0,53.0,54.0,82.0,68.0,67.0,67.0,82.0,82.0,95.0,96.0,82.0,68.0,67.0,54.0,67.0,68.0,test2
173,289.0,332.0,82.0,121.0,52.0,136.0,318.0,1775.0,205.0,331.0,361.0,66.0,80.0,346.0,431.0,149.0,188.0,134.0,218.0,413.0,287.0,399.0,428.0,120.0,147.0,484.0,82.0,68.0,67.0,67.0,82.0,82.0,95.0,96.0,82.0,68.0,67.0,54.0,67.0,68.0,53.0,68.0,test2
174,205.0,331.0,361.0,66.0,80.0,346.0,431.0,234.0,275.0,346.0,81.0,93.0,66.0,150.0,203.0,428.0,120.0,147.0,414.0,484.0,356.0,372.0,134.0,175.0,134.0,271.0,82.0,68.0,67.0,54.0,67.0,68.0,53.0,68.0,81.0,26.0,53.0,82.0,68.0,67.0,68.0,67.0,test2
175,361.0,66.0,80.0,346.0,431.0,234.0,275.0,346.0,81.0,93.0,66.0,150.0,203.0,4371.0,472.0,147.0,414.0,484.0,302.0,356.0,134.0,175.0,134.0,217.0,271.0,553.0,67.0,54.0,67.0,68.0,53.0,68.0,81.0,26.0,53.0,82.0,68.0,67.0,68.0,67.0,81.0,67.0,test2
176,431.0,234.0,275.0,346.0,81.0,93.0,66.0,150.0,203.0,4371.0,472.0,277.0,765.0,374.0,81.0,356.0,372.0,134.0,175.0,134.0,271.0,4438.0,553.0,344.0,846.0,149.0,53.0,68.0,81.0,26.0,53.0,82.0,68.0,67.0,68.0,67.0,81.0,67.0,81.0,54.0,68.0,67.0,test2
177,275.0,346.0,81.0,93.0,66.0,150.0,203.0,4371.0,472.0,277.0,765.0,374.0,81.0,78.0,387.0,134.0,175.0,134.0,217.0,271.0,553.0,344.0,846.0,428.0,149.0,427.0,81.0,26.0,53.0,82.0,68.0,67.0,68.0,67.0,81.0,67.0,81.0,54.0,68.0,67.0,40.0,68.0,test2
178,472.0,277.0,765.0,374.0,81.0,78.0,387.0,445.0,234.0,192.0,290.0,52.0,80.0,51.0,150.0,846.0,428.0,149.0,145.0,427.0,315.0,287.0,344.0,105.0,147.0,204.0,81.0,67.0,81.0,54.0,68.0,67.0,40.0,68.0,81.0,95.0,54.0,53.0,67.0,82.0,54.0,67.0,test2
179,277.0,765.0,374.0,81.0,78.0,387.0,445.0,234.0,192.0,290.0,52.0,80.0,51.0,150.0,319.0,428.0,149.0,145.0,427.0,513.0,287.0,344.0,105.0,147.0,133.0,386.0,67.0,81.0,54.0,68.0,67.0,40.0,68.0,81.0,95.0,54.0,53.0,67.0,82.0,54.0,67.0,95.0,test2
180,374.0,81.0,78.0,387.0,445.0,234.0,192.0,290.0,52.0,80.0,51.0,150.0,319.0,1244.0,276.0,145.0,427.0,513.0,315.0,287.0,105.0,147.0,133.0,204.0,386.0,343.0,54.0,68.0,67.0,40.0,68.0,81.0,95.0,54.0,53.0,67.0,82.0,54.0,67.0,95.0,67.0,67.0,test2
181,445.0,234.0,192.0,290.0,52.0,80.0,51.0,150.0,319.0,1244.0,276.0,290.0,402.0,80.0,66.0,287.0,344.0,105.0,147.0,133.0,386.0,1339.0,343.0,357.0,484.0,148.0,68.0,81.0,95.0,54.0,53.0,67.0,82.0,54.0,67.0,95.0,67.0,67.0,82.0,68.0,82.0,53.0,test2
182,192.0,290.0,52.0,80.0,51.0,150.0,319.0,1244.0,276.0,290.0,402.0,80.0,66.0,585.0,374.0,105.0,147.0,133.0,204.0,386.0,343.0,357.0,484.0,148.0,148.0,455.0,95.0,54.0,53.0,67.0,82.0,54.0,67.0,95.0,67.0,67.0,82.0,68.0,82.0,53.0,81.0,54.0,test2
183,276.0,290.0,402.0,80.0,66.0,585.0,374.0,304.0,263.0,318.0,96.0,79.0,80.0,121.0,598.0,484.0,148.0,148.0,638.0,455.0,330.0,360.0,135.0,161.0,134.0,680.0,67.0,67.0,82.0,68.0,82.0,53.0,81.0,54.0,67.0,42.0,39.0,82.0,54.0,82.0,82.0,54.0,test2
184,402.0,80.0,66.0,585.0,374.0,304.0,263.0,318.0,96.0,79.0,80.0,121.0,598.0,962.0,206.0,148.0,638.0,455.0,358.0,330.0,135.0,161.0,134.0,203.0,680.0,302.0,82.0,68.0,82.0,53.0,81.0,54.0,67.0,42.0,39.0,82.0,54.0,82.0,82.0,54.0,96.0,67.0,test2
185,374.0,304.0,263.0,318.0,96.0,79.0,80.0,121.0,598.0,962.0,206.0,178.0,332.0,52.0,81.0,330.0,360.0,135.0,161.0,134.0,680.0,1016.0,302.0,245.0,413.0,148.0,81.0,54.0,67.0,42.0,39.0,82.0,54.0,82.0,82.0,54.0,96.0,67.0,81.0,82.0,67.0,53.0,test2
186,263.0,318.0,96.0,79.0,80.0,121.0,598.0,962.0,206.0,178.0,332.0,52.0,81.0,347.0,374.0,135.0,161.0,134.0,203.0,680.0,302.0,245.0,413.0,134.0,148.0,427.0,67.0,42.0,39.0,82.0,54.0,82.0,82.0,54.0,96.0,67.0,81.0,82.0,67.0,53.0,53.0,54.0,test2
187,206.0,178.0,332.0,52.0,81.0,347.0,374.0,234.0,191.0,274.0,53.0,65.0,52.0,122.0,598.0,413.0,134.0,148.0,400.0,427.0,259.0,342.0,107.0,161.0,119.0,666.0,96.0,67.0,81.0,82.0,67.0,53.0,53.0,54.0,68.0,68.0,54.0,96.0,67.0,82.0,68.0,68.0,test2
188,332.0,52.0,81.0,347.0,374.0,234.0,191.0,274.0,53.0,65.0,52.0,122.0,598.0,93.0,1504.0,148.0,400.0,427.0,288.0,259.0,107.0,161.0,119.0,204.0,666.0,1572.0,81.0,82.0,67.0,53.0,53.0,54.0,68.0,68.0,54.0,96.0,67.0,82.0,68.0,68.0,68.0,81.0,test2
189,374.0,234.0,191.0,274.0,53.0,65.0,52.0,122.0,598.0,93.0,1504.0,80.0,373.0,51.0,51.0,259.0,342.0,107.0,161.0,119.0,666.0,161.0,1572.0,161.0,455.0,147.0,53.0,54.0,68.0,68.0,54.0,96.0,67.0,82.0,68.0,68.0,68.0,81.0,82.0,96.0,96.0,82.0,test2
190,191.0,274.0,53.0,65.0,52.0,122.0,598.0,93.0,1504.0,80.0,373.0,51.0,51.0,122.0,332.0,107.0,161.0,119.0,204.0,666.0,1572.0,161.0,455.0,147.0,147.0,414.0,68.0,68.0,54.0,96.0,67.0,82.0,68.0,68.0,68.0,81.0,82.0,96.0,96.0,82.0,82.0,68.0,test2
191,274.0,501.0,359.0,53.0,108.0,430.0,359.0,276.0,332.0,388.0,110.0,108.0,122.0,164.0,488.0,426.0,107.0,189.0,469.0,413.0,399.0,442.0,149.0,175.0,204.0,555.0,65.0,68.0,67.0,54.0,81.0,39.0,54.0,68.0,67.0,54.0,39.0,67.0,82.0,68.0,67.0,67.0,test2
192,359.0,53.0,108.0,430.0,359.0,276.0,332.0,388.0,110.0,108.0,122.0,164.0,488.0,963.0,201.0,189.0,469.0,413.0,344.0,399.0,149.0,175.0,204.0,232.0,555.0,301.0,67.0,54.0,81.0,39.0,54.0,68.0,67.0,54.0,39.0,67.0,82.0,68.0,67.0,67.0,100.0,96.0,test2
193,359.0,276.0,332.0,388.0,110.0,108.0,122.0,164.0,488.0,963.0,201.0,318.0,402.0,80.0,65.0,399.0,442.0,149.0,175.0,204.0,555.0,1030.0,301.0,414.0,456.0,147.0,54.0,68.0,67.0,54.0,39.0,67.0,82.0,68.0,67.0,67.0,100.0,96.0,54.0,54.0,82.0,68.0,test2
194,332.0,388.0,110.0,108.0,122.0,164.0,488.0,963.0,201.0,318.0,402.0,80.0,65.0,318.0,401.0,149.0,175.0,204.0,232.0,555.0,301.0,414.0,456.0,134.0,147.0,469.0,67.0,54.0,39.0,67.0,82.0,68.0,67.0,67.0,100.0,96.0,54.0,54.0,82.0,68.0,68.0,68.0,test2
195,201.0,318.0,402.0,80.0,65.0,318.0,401.0,276.0,304.0,346.0,80.0,79.0,95.0,136.0,332.0,456.0,134.0,147.0,386.0,469.0,385.0,399.0,148.0,175.0,176.0,414.0,100.0,96.0,54.0,54.0,82.0,68.0,68.0,68.0,81.0,53.0,68.0,96.0,81.0,81.0,82.0,68.0,test2
196,402.0,80.0,65.0,318.0,401.0,276.0,304.0,346.0,80.0,79.0,95.0,136.0,332.0,1103.0,305.0,147.0,386.0,469.0,344.0,385.0,148.0,175.0,176.0,217.0,414.0,386.0,54.0,54.0,82.0,68.0,68.0,68.0,81.0,53.0,68.0,96.0,81.0,81.0,82.0,68.0,81.0,67.0,test2
197,401.0,276.0,304.0,346.0,80.0,79.0,95.0,136.0,332.0,1103.0,305.0,347.0,416.0,53.0,52.0,385.0,399.0,148.0,175.0,176.0,414.0,1171.0,386.0,414.0,483.0,134.0,68.0,68.0,81.0,53.0,68.0,96.0,81.0,81.0,82.0,68.0,81.0,67.0,67.0,68.0,82.0,82.0,test2
198,304.0,346.0,80.0,79.0,95.0,136.0,332.0,1103.0,305.0,347.0,416.0,53.0,52.0,360.0,360.0,148.0,175.0,176.0,217.0,414.0,386.0,414.0,483.0,121.0,134.0,428.0,81.0,53.0,68.0,96.0,81.0,81.0,82.0,68.0,81.0,67.0,67.0,68.0,82.0,82.0,68.0,81.0,test2
199,305.0,347.0,416.0,53.0,52.0,360.0,360.0,318.0,360.0,402.0,67.0,80.0,79.0,136.0,416.0,483.0,121.0,134.0,442.0,428.0,442.0,470.0,134.0,189.0,161.0,498.0,81.0,67.0,67.0,68.0,82.0,82.0,68.0,81.0,82.0,68.0,67.0,109.0,82.0,68.0,82.0,67.0,test2
200,501.0,893.0,557.0,236.0,388.0,583.0,544.0,459.0,374.0,431.0,347.0,333.0,181.0,305.0,598.0,637.0,318.0,499.0,666.0,613.0,470.0,528.0,430.0,430.0,277.0,681.0,96.0,83.0,80.0,82.0,111.0,83.0,69.0,82.0,96.0,97.0,83.0,97.0,96.0,97.0,83.0,68.0,test1
201,557.0,236.0,388.0,583.0,544.0,459.0,374.0,431.0,347.0,333.0,181.0,305.0,598.0,2286.0,472.0,499.0,666.0,613.0,541.0,470.0,430.0,430.0,277.0,402.0,681.0,551.0,80.0,82.0,111.0,83.0,69.0,82.0,96.0,97.0,83.0,97.0,96.0,97.0,83.0,68.0,79.0,97.0,test1
202,544.0,459.0,374.0,431.0,347.0,333.0,181.0,305.0,598.0,2286.0,472.0,389.0,530.0,250.0,193.0,470.0,528.0,430.0,430.0,277.0,681.0,2354.0,551.0,486.0,612.0,318.0,69.0,82.0,96.0,97.0,83.0,97.0,96.0,97.0,83.0,68.0,79.0,97.0,82.0,98.0,125.0,97.0,test1
203,374.0,431.0,347.0,333.0,181.0,305.0,598.0,2286.0,472.0,389.0,530.0,250.0,193.0,487.0,601.0,430.0,430.0,277.0,402.0,681.0,551.0,486.0,612.0,348.0,318.0,670.0,96.0,97.0,83.0,97.0,96.0,97.0,83.0,68.0,79.0,97.0,82.0,98.0,125.0,97.0,69.0,66.0,test1
204,472.0,389.0,530.0,250.0,193.0,487.0,601.0,501.0,333.0,403.0,264.0,207.0,180.0,291.0,500.0,612.0,348.0,318.0,584.0,670.0,416.0,513.0,375.0,290.0,277.0,555.0,79.0,97.0,82.0,98.0,125.0,97.0,69.0,66.0,83.0,110.0,111.0,83.0,97.0,83.0,55.0,83.0,test1
205,530.0,250.0,193.0,487.0,601.0,501.0,333.0,403.0,264.0,207.0,180.0,291.0,500.0,1071.0,430.0,318.0,584.0,670.0,567.0,416.0,375.0,290.0,277.0,374.0,555.0,513.0,82.0,98.0,125.0,97.0,69.0,66.0,83.0,110.0,111.0,83.0,97.0,83.0,55.0,83.0,83.0,96.0,test1
206,601.0,501.0,333.0,403.0,264.0,207.0,180.0,291.0,500.0,1071.0,430.0,320.0,544.0,168.0,194.0,416.0,513.0,375.0,290.0,277.0,555.0,1154.0,513.0,416.0,612.0,277.0,69.0,66.0,83.0,110.0,111.0,83.0,97.0,83.0,55.0,83.0,83.0,96.0,68.0,110.0,83.0,69.0,test1
207,333.0,403.0,264.0,207.0,180.0,291.0,500.0,1071.0,430.0,320.0,544.0,168.0,194.0,500.0,613.0,375.0,290.0,277.0,374.0,555.0,513.0,416.0,612.0,278.0,277.0,682.0,83.0,110.0,111.0,83.0,97.0,83.0,55.0,83.0,83.0,96.0,68.0,110.0,83.0,69.0,69.0,69.0,test1
208,430.0,320.0,544.0,168.0,194.0,500.0,613.0,431.0,333.0,403.0,195.0,193.0,165.0,263.0,503.0,612.0,278.0,277.0,569.0,682.0,415.0,486.0,319.0,276.0,250.0,572.0,83.0,96.0,68.0,110.0,83.0,69.0,69.0,69.0,82.0,83.0,124.0,83.0,85.0,97.0,69.0,81.0,test1
209,544.0,168.0,194.0,500.0,613.0,431.0,333.0,403.0,195.0,193.0,165.0,263.0,503.0,987.0,389.0,277.0,569.0,682.0,500.0,415.0,319.0,276.0,250.0,360.0,572.0,486.0,68.0,110.0,83.0,69.0,69.0,69.0,82.0,83.0,124.0,83.0,85.0,97.0,69.0,81.0,97.0,83.0,test1
210,613.0,431.0,333.0,403.0,195.0,193.0,165.0,263.0,503.0,987.0,389.0,306.0,486.0,209.0,234.0,415.0,486.0,319.0,276.0,250.0,572.0,1068.0,486.0,389.0,569.0,303.0,69.0,69.0,82.0,83.0,124.0,83.0,85.0,97.0,69.0,81.0,97.0,83.0,83.0,111.0,69.0,70.0,test1
211,333.0,403.0,195.0,193.0,165.0,263.0,503.0,987.0,389.0,306.0,486.0,209.0,234.0,458.0,599.0,319.0,276.0,250.0,360.0,572.0,486.0,389.0,569.0,320.0,303.0,696.0,82.0,83.0,124.0,83.0,85.0,97.0,69.0,81.0,97.0,83.0,83.0,111.0,69.0,70.0,97.0,97.0,test1
212,389.0,306.0,486.0,209.0,234.0,458.0,599.0,430.0,333.0,403.0,208.0,180.0,195.0,403.0,500.0,569.0,320.0,303.0,528.0,696.0,416.0,486.0,291.0,263.0,319.0,569.0,97.0,83.0,83.0,111.0,69.0,70.0,97.0,97.0,83.0,83.0,83.0,83.0,124.0,97.0,69.0,97.0,test1
213,486.0,209.0,234.0,458.0,599.0,430.0,333.0,403.0,208.0,180.0,195.0,403.0,500.0,1018.0,445.0,303.0,528.0,696.0,527.0,416.0,291.0,263.0,319.0,500.0,569.0,539.0,83.0,111.0,69.0,70.0,97.0,97.0,83.0,83.0,83.0,83.0,124.0,97.0,69.0,97.0,94.0,68.0,test1
214,599.0,430.0,333.0,403.0,208.0,180.0,195.0,403.0,500.0,1018.0,445.0,375.0,556.0,250.0,181.0,416.0,486.0,291.0,263.0,319.0,569.0,1115.0,539.0,443.0,625.0,250.0,97.0,97.0,83.0,83.0,83.0,83.0,124.0,97.0,69.0,97.0,94.0,68.0,69.0,111.0,69.0,97.0,test1
215,333.0,403.0,208.0,180.0,195.0,403.0,500.0,1018.0,445.0,375.0,556.0,250.0,181.0,472.0,487.0,291.0,263.0,319.0,500.0,569.0,539.0,443.0,625.0,361.0,250.0,556.0,83.0,83.0,83.0,83.0,124.0,97.0,69.0,97.0,94.0,68.0,69.0,111.0,69.0,97.0,69.0,69.0,test1
216,445.0,375.0,556.0,250.0,181.0,472.0,487.0,446.0,347.0,446.0,237.0,318.0,195.0,347.0,431.0,625.0,361.0,250.0,569.0,556.0,415.0,543.0,305.0,387.0,292.0,514.0,94.0,68.0,69.0,111.0,69.0,97.0,69.0,69.0,68.0,97.0,68.0,69.0,97.0,69.0,83.0,83.0,test1
217,556.0,250.0,181.0,472.0,487.0,446.0,347.0,446.0,237.0,318.0,195.0,347.0,431.0,1016.0,542.0,250.0,569.0,556.0,515.0,415.0,305.0,387.0,292.0,416.0,514.0,624.0,69.0,111.0,69.0,97.0,69.0,69.0,68.0,97.0,68.0,69.0,97.0,69.0,83.0,83.0,82.0,83.0,test1
218,487.0,446.0,347.0,446.0,237.0,318.0,195.0,347.0,431.0,1016.0,542.0,305.0,589.0,209.0,194.0,415.0,543.0,305.0,387.0,292.0,514.0,1099.0,624.0,388.0,658.0,263.0,69.0,69.0,68.0,97.0,68.0,69.0,97.0,69.0,83.0,83.0,82.0,83.0,69.0,108.0,69.0,69.0,test1
219,347.0,446.0,237.0,318.0,195.0,347.0,431.0,1016.0,542.0,305.0,589.0,209.0,194.0,458.0,488.0,305.0,387.0,292.0,416.0,514.0,624.0,388.0,658.0,317.0,263.0,585.0,68.0,97.0,68.0,69.0,97.0,69.0,83.0,83.0,82.0,83.0,69.0,108.0,69.0,69.0,97.0,82.0,test1
220,542.0,305.0,589.0,209.0,194.0,458.0,488.0,432.0,837.0,487.0,458.0,166.0,166.0,292.0,430.0,658.0,317.0,263.0,527.0,585.0,948.0,595.0,527.0,235.0,263.0,527.0,82.0,83.0,69.0,108.0,69.0,69.0,97.0,82.0,111.0,108.0,69.0,69.0,97.0,83.0,97.0,83.0,test1
221,589.0,209.0,194.0,458.0,488.0,432.0,837.0,487.0,458.0,166.0,166.0,292.0,430.0,960.0,361.0,263.0,527.0,585.0,514.0,948.0,527.0,235.0,263.0,375.0,527.0,471.0,69.0,108.0,69.0,69.0,97.0,82.0,111.0,108.0,69.0,69.0,97.0,83.0,97.0,83.0,110.0,125.0,test1
222,488.0,432.0,837.0,487.0,458.0,166.0,166.0,292.0,430.0,960.0,361.0,346.0,600.0,222.0,236.0,948.0,595.0,527.0,235.0,263.0,527.0,1043.0,471.0,471.0,683.0,319.0,97.0,82.0,111.0,108.0,69.0,69.0,97.0,83.0,97.0,83.0,110.0,125.0,83.0,97.0,83.0,69.0,test1
223,837.0,487.0,458.0,166.0,166.0,292.0,430.0,960.0,361.0,346.0,600.0,222.0,236.0,487.0,571.0,527.0,235.0,263.0,375.0,527.0,471.0,471.0,683.0,319.0,319.0,640.0,111.0,108.0,69.0,69.0,97.0,83.0,97.0,83.0,110.0,125.0,83.0,97.0,83.0,69.0,69.0,83.0,test1
224,361.0,346.0,600.0,222.0,236.0,487.0,571.0,476.0,402.0,418.0,431.0,208.0,194.0,278.0,515.0,683.0,319.0,319.0,556.0,640.0,495.0,515.0,514.0,277.0,277.0,584.0,110.0,125.0,83.0,97.0,83.0,69.0,69.0,83.0,93.0,97.0,83.0,69.0,83.0,83.0,69.0,69.0,test1
225,600.0,222.0,236.0,487.0,571.0,476.0,402.0,418.0,431.0,208.0,194.0,278.0,515.0,1202.0,585.0,319.0,556.0,640.0,559.0,495.0,514.0,277.0,277.0,361.0,584.0,634.0,83.0,97.0,83.0,69.0,69.0,83.0,93.0,97.0,83.0,69.0,83.0,83.0,69.0,69.0,49.0,96.0,test1
226,571.0,476.0,402.0,418.0,431.0,208.0,194.0,278.0,515.0,1202.0,585.0,528.0,529.0,251.0,166.0,495.0,515.0,514.0,277.0,277.0,584.0,1271.0,634.0,624.0,598.0,264.0,69.0,83.0,93.0,97.0,83.0,69.0,83.0,83.0,69.0,69.0,49.0,96.0,69.0,97.0,98.0,83.0,test1
227,402.0,418.0,431.0,208.0,194.0,278.0,515.0,1202.0,585.0,528.0,529.0,251.0,166.0,500.0,515.0,514.0,277.0,277.0,361.0,584.0,634.0,624.0,598.0,348.0,264.0,612.0,93.0,97.0,83.0,69.0,83.0,83.0,69.0,69.0,49.0,96.0,69.0,97.0,98.0,83.0,97.0,110.0,test1
228,585.0,528.0,529.0,251.0,166.0,500.0,515.0,1033.0,416.0,446.0,417.0,236.0,223.0,278.0,488.0,598.0,348.0,264.0,583.0,612.0,483.0,543.0,500.0,305.0,292.0,542.0,49.0,96.0,69.0,97.0,98.0,83.0,97.0,110.0,67.0,97.0,83.0,69.0,69.0,83.0,54.0,55.0,test1
229,529.0,251.0,166.0,500.0,515.0,1033.0,416.0,446.0,417.0,236.0,223.0,278.0,488.0,891.0,431.0,264.0,583.0,612.0,1143.0,483.0,500.0,305.0,292.0,361.0,542.0,500.0,69.0,97.0,98.0,83.0,97.0,110.0,67.0,97.0,83.0,69.0,69.0,83.0,54.0,55.0,69.0,69.0,test1
230,515.0,1033.0,416.0,446.0,417.0,236.0,223.0,278.0,488.0,891.0,431.0,445.0,587.0,251.0,195.0,483.0,543.0,500.0,305.0,292.0,542.0,946.0,500.0,514.0,628.0,264.0,97.0,110.0,67.0,97.0,83.0,69.0,69.0,83.0,54.0,55.0,69.0,69.0,41.0,67.0,69.0,55.0,test1
231,416.0,446.0,417.0,236.0,223.0,278.0,488.0,891.0,431.0,445.0,587.0,251.0,195.0,459.0,487.0,500.0,305.0,292.0,361.0,542.0,500.0,514.0,628.0,318.0,264.0,556.0,67.0,97.0,83.0,69.0,69.0,83.0,54.0,55.0,69.0,69.0,41.0,67.0,69.0,55.0,69.0,83.0,test1
232,431.0,445.0,587.0,251.0,195.0,459.0,487.0,460.0,333.0,403.0,362.0,179.0,181.0,237.0,389.0,628.0,318.0,264.0,514.0,556.0,415.0,486.0,473.0,262.0,278.0,444.0,69.0,69.0,41.0,67.0,69.0,55.0,69.0,83.0,82.0,83.0,111.0,83.0,97.0,68.0,55.0,83.0,test1
233,587.0,251.0,195.0,459.0,487.0,460.0,333.0,403.0,362.0,179.0,181.0,237.0,389.0,1439.0,348.0,264.0,514.0,556.0,543.0,415.0,473.0,262.0,278.0,305.0,444.0,425.0,41.0,67.0,69.0,55.0,69.0,83.0,82.0,83.0,111.0,83.0,97.0,68.0,55.0,83.0,77.0,69.0,test1
234,487.0,460.0,333.0,403.0,362.0,179.0,181.0,237.0,389.0,1439.0,348.0,319.0,544.0,320.0,180.0,415.0,486.0,473.0,262.0,278.0,444.0,1522.0,425.0,388.0,627.0,264.0,69.0,83.0,82.0,83.0,111.0,83.0,97.0,68.0,55.0,83.0,77.0,69.0,83.0,81.0,84.0,69.0,test1
235,333.0,403.0,362.0,179.0,181.0,237.0,389.0,1439.0,348.0,319.0,544.0,320.0,180.0,472.0,531.0,473.0,262.0,278.0,305.0,444.0,425.0,388.0,627.0,401.0,264.0,614.0,82.0,83.0,111.0,83.0,97.0,68.0,55.0,83.0,77.0,69.0,83.0,81.0,84.0,69.0,83.0,54.0,test1
236,348.0,319.0,544.0,320.0,180.0,472.0,531.0,476.0,347.0,403.0,237.0,165.0,195.0,292.0,962.0,627.0,401.0,264.0,541.0,614.0,426.0,514.0,333.0,248.0,306.0,1045.0,77.0,69.0,83.0,81.0,84.0,69.0,83.0,54.0,79.0,111.0,96.0,83.0,111.0,96.0,83.0,67.0,test1
237,544.0,320.0,180.0,472.0,531.0,476.0,347.0,403.0,237.0,165.0,195.0,292.0,962.0,959.0,151.0,264.0,541.0,614.0,530.0,426.0,333.0,248.0,306.0,388.0,1045.0,192.0,83.0,81.0,84.0,69.0,83.0,54.0,79.0,111.0,96.0,83.0,111.0,96.0,83.0,67.0,41.0,83.0,test1
238,531.0,476.0,347.0,403.0,237.0,165.0,195.0,292.0,962.0,959.0,151.0,542.0,445.0,1065.0,544.0,426.0,514.0,333.0,248.0,306.0,1045.0,1026.0,192.0,625.0,514.0,621.0,83.0,54.0,79.0,111.0,96.0,83.0,111.0,96.0,83.0,67.0,41.0,83.0,69.0,82.0,77.0,83.0,test1
239,347.0,403.0,237.0,165.0,195.0,292.0,962.0,959.0,151.0,542.0,445.0,1065.0,544.0,250.0,181.0,333.0,248.0,306.0,388.0,1045.0,192.0,625.0,514.0,1147.0,621.0,236.0,79.0,111.0,96.0,83.0,111.0,96.0,83.0,67.0,41.0,83.0,69.0,82.0,77.0,83.0,55.0,55.0,test1
240,151.0,542.0,445.0,1065.0,544.0,250.0,181.0,501.0,557.0,2009.0,403.0,614.0,278.0,417.0,236.0,514.0,1147.0,621.0,333.0,236.0,654.0,2091.0,539.0,752.0,360.0,305.0,41.0,83.0,69.0,82.0,77.0,83.0,55.0,55.0,97.0,82.0,136.0,138.0,82.0,97.0,69.0,83.0,test1
241,542.0,445.0,1065.0,544.0,250.0,181.0,501.0,557.0,2009.0,403.0,614.0,278.0,417.0,236.0,432.0,1147.0,621.0,333.0,236.0,556.0,2091.0,539.0,752.0,360.0,514.0,515.0,83.0,69.0,82.0,77.0,83.0,55.0,55.0,97.0,82.0,136.0,138.0,82.0,97.0,69.0,83.0,68.0,test1
242,445.0,1065.0,544.0,250.0,181.0,501.0,557.0,2009.0,403.0,614.0,278.0,417.0,236.0,432.0,543.0,621.0,333.0,236.0,556.0,654.0,539.0,752.0,360.0,514.0,305.0,611.0,69.0,82.0,77.0,83.0,55.0,55.0,97.0,82.0,136.0,138.0,82.0,97.0,69.0,83.0,68.0,83.0,test1
243,544.0,250.0,181.0,501.0,557.0,2009.0,403.0,614.0,278.0,417.0,236.0,432.0,543.0,1044.0,416.0,236.0,556.0,654.0,2091.0,539.0,360.0,514.0,305.0,515.0,611.0,500.0,77.0,83.0,55.0,55.0,97.0,82.0,136.0,138.0,82.0,97.0,69.0,83.0,68.0,83.0,84.0,69.0,test1
244,557.0,2009.0,403.0,614.0,278.0,417.0,236.0,432.0,543.0,1044.0,416.0,389.0,557.0,364.0,194.0,539.0,752.0,360.0,514.0,305.0,611.0,1127.0,500.0,458.0,654.0,277.0,97.0,82.0,136.0,138.0,82.0,97.0,69.0,83.0,68.0,83.0,84.0,69.0,97.0,69.0,83.0,83.0,test1
245,403.0,614.0,278.0,417.0,236.0,432.0,543.0,1044.0,416.0,389.0,557.0,364.0,194.0,473.0,572.0,360.0,514.0,305.0,515.0,611.0,500.0,458.0,654.0,433.0,277.0,669.0,136.0,138.0,82.0,97.0,69.0,83.0,68.0,83.0,84.0,69.0,97.0,69.0,83.0,83.0,97.0,69.0,test1
246,416.0,389.0,557.0,364.0,194.0,473.0,572.0,529.0,333.0,459.0,433.0,458.0,209.0,264.0,488.0,654.0,433.0,277.0,556.0,669.0,429.0,556.0,502.0,526.0,334.0,570.0,84.0,69.0,97.0,69.0,83.0,83.0,97.0,69.0,96.0,97.0,69.0,68.0,125.0,69.0,82.0,83.0,test1
247,557.0,364.0,194.0,473.0,572.0,529.0,333.0,459.0,433.0,458.0,209.0,264.0,488.0,906.0,458.0,277.0,556.0,669.0,598.0,429.0,502.0,526.0,334.0,333.0,570.0,554.0,97.0,69.0,83.0,83.0,97.0,69.0,96.0,97.0,69.0,68.0,125.0,69.0,82.0,83.0,96.0,97.0,test1
248,572.0,529.0,333.0,459.0,433.0,458.0,209.0,264.0,488.0,906.0,458.0,417.0,571.0,248.0,125.0,429.0,556.0,502.0,526.0,334.0,570.0,989.0,554.0,514.0,640.0,209.0,97.0,69.0,96.0,97.0,69.0,68.0,125.0,69.0,82.0,83.0,96.0,97.0,69.0,71.0,84.0,69.0,test1
249,333.0,459.0,433.0,458.0,209.0,264.0,488.0,906.0,458.0,417.0,571.0,248.0,125.0,516.0,502.0,502.0,526.0,334.0,333.0,570.0,554.0,514.0,640.0,319.0,209.0,584.0,96.0,97.0,69.0,68.0,125.0,69.0,82.0,83.0,96.0,97.0,69.0,71.0,84.0,69.0,82.0,96.0,test1
